op_name,Device,Device Name,Acc_Pass,Cos_Dist,Op,dtype,Shape,Samples,CPU Time (sec),Noise,GPU Time (sec),Noise,Elem/s (elem/sec),GlobalMem BW (bytes/sec),BWUtil,Samples,Batch GPU (sec),Bits
apply_repetition_penalties,0,MetaX C600-UL,Yes,1.19e-07,apply_repetition_penalties,float16,(512 128000),1199,0.0013248308885077168,0.0028227850042259845,0.0012869754486795604,0.0028227850042259845,50922494339.14227,305535761698.8277,0.3315275192044571,1199,0.0012818453854774813,
apply_rope_pos_ids_cos_sin_cache,0,MetaX C600-UL,Yes,-1.19e-07,apply_rope_pos_ids_cos_sin_cache,bfloat16,(81920 32 128),993,0.002750434991935483,0.010526595128333142,0.0026665292915798024,0.010526595128333142,251671205007.61844,1022660043004.5902,1.1096571647185223,993,0.002661237293379779,
apply_shuffle_mul_sum,0,MetaX C600-UL,Yes,0.00e+00,apply_shuffle_mul_sum,bfloat16,(8192 -> 1024 4096),18535,0.00010640205826940517,0.02487408055606589,8.464301789863625e-05,0.02487408055606589,445975780840.0189,892532259311.34,0.9684594827597005,18535,8.092837322222952e-05,
awq_dequantize,0,MetaX C600-UL,Yes,0.00e+00,awq_dequantize,torch.float16,(8192x8192 G=128),7441,0.00038094525013557674,0.005301663168106763,0.00020339321487719414,0.005301663168106763,329946424419.9068,831310327151.7183,0.9020294348434443,7441,0.00020158629322457325,
awq_gemm,0,MetaX C600-UL,Yes,1.19e-07,awq_gemm,float16,M=1 N=4096 K=4096,52345,5.7883765584572654e-05,0.009066549683557664,3.0326432210233756e-05,0.009066549683557664,1106441792011.2917,287955798409.1888,0.3124520382044149,52345,2.8656154409426707e-05,
awq_gemm,0,MetaX C600-UL,Yes,5.96e-08,awq_gemm,float16,M=1 N=4096 K=8192,31672,7.755703671539697e-05,0.006039711539105897,5.031025683698098e-05,0.006039711539105897,1333900246573.0022,346989920098.519,0.37650815982912217,31672,4.7361632563568043e-05,
awq_gemm,0,MetaX C600-UL,Yes,5.96e-08,awq_gemm,float16,M=1 N=8192 K=4096,31883,7.783044660971708e-05,0.005296217352307301,5.006458869082141e-05,0.005296217352307301,1340445727307.1216,348692608018.979,0.378355694465038,31883,4.704812445688011e-05,
awq_gemm,0,MetaX C600-UL,Yes,1.19e-07,awq_gemm,float16,M=1 N=8192 K=8192,17244,0.00011740698202516483,0.0041553982809955994,8.987874610695533e-05,0.0041553982809955994,1493319987355.87,388277779915.5278,0.421308354943064,17244,8.699008790554481e-05,
awq_gemm,0,MetaX C600-UL,Yes,1.79e-07,awq_gemm,float16,M=16 N=4096 K=4096,48993,6.0722631552090144e-05,0.011613490612734449,3.0617828451797596e-05,0.011613490612734449,17534584885574.4,293241959145.9586,0.3181878896983058,48993,3.204089288857384e-05,
awq_gemm,0,MetaX C600-UL,Yes,1.19e-07,awq_gemm,float16,M=16 N=4096 K=8192,31100,8.083646151776149e-05,0.007310598953329733,5.048144610664461e-05,0.007310598953329733,21270029026737.19,353115716264.19165,0.3831550740713885,31100,4.8232993821814125e-05,
awq_gemm,0,MetaX C600-UL,Yes,1.19e-07,awq_gemm,float16,M=16 N=8192 K=4096,31834,8.079923804260396e-05,0.0059150067702624645,5.024925117017691e-05,0.0059150067702624645,21368314929979.875,354747415829.744,0.3849255814124827,31834,4.712055042643972e-05,
awq_gemm,0,MetaX C600-UL,Yes,1.19e-07,awq_gemm,float16,M=16 N=8192 K=8192,17285,0.00011772239389221539,0.00459433594512409,8.982265783017402e-05,0.00459433594512409,23908039462161.164,393992349535.1266,0.4275090598254412,17285,8.678059625356638e-05,
awq_gemm,0,MetaX C600-UL,Yes,1.79e-07,awq_gemm,float16,M=128 N=4096 K=4096,21559,0.00010087401846811871,0.008672530456428082,7.290677405864237e-05,0.008672530456428082,58910401008078.54,148318728123.97702,0.16093611992619034,21559,6.957869561359453e-05,
awq_gemm,0,MetaX C600-UL,Yes,2.38e-07,awq_gemm,float16,M=128 N=4096 K=8192,12214,0.0001543384206763124,0.009340006414199872,0.00012619725530491128,0.009340006414199872,68067523110906.37,163064592413.51776,0.17693640669869548,12214,0.00012281300851336202,
awq_gemm,0,MetaX C600-UL,Yes,0.00e+00,awq_gemm,float16,M=128 N=8192 K=4096,12299,0.00015315278008333347,0.0057511668245124594,0.00012500881147943472,0.0057511668245124594,68714632915401.61,164614827998.62753,0.17861851996378855,12299,0.00012196401103086729,
awq_gemm,0,MetaX C600-UL,Yes,2.38e-07,awq_gemm,float16,M=128 N=8192 K=8192,6731,0.00028107180316265057,0.006099737010718037,0.0002259780622390345,0.006099737010718037,76024499961538.39,172846229465.7779,0.18755016218074858,6731,0.00022287338984710393,
awq_gemm,0,MetaX C600-UL,Yes,5.96e-08,awq_gemm,float16,M=2048 N=4096 K=4096,2014,0.000798347226975341,0.002867928465844593,0.0007550318700378118,0.002867928465844593,91015332548225.47,55985345357.51861,0.060747987584113074,2014,0.0007515359403123448,
awq_gemm,0,MetaX C600-UL,Yes,1.19e-07,awq_gemm,float16,M=2048 N=4096 K=8192,1049,0.0015255179174852665,0.002094007263429303,0.0014742272975168396,0.002094007263429303,93227790384494.69,45965926770.004036,0.049876222623702296,1049,0.0014712796133966874,
awq_gemm,0,MetaX C600-UL,Yes,2.38e-07,awq_gemm,float16,M=2048 N=8192 K=4096,1035,0.0015328248311944727,0.0020554998344478664,0.001481492720375172,0.0020554998344478664,92770589812412.36,45740504200.95176,0.049631623481935505,1035,0.0014785778985507247,
awq_gemm,0,MetaX C600-UL,Yes,1.19e-07,awq_gemm,float16,M=2048 N=8192 K=8192,986,0.0029944792873096452,0.0016473122072027113,0.0029026374209350763,0.0016473122072027113,94699360299519.9,35131503254.42623,0.03812012071877846,986,0.0029009932734178033,
awq_to_gptq_4bit,0,MetaX C600-UL,Yes,2.75e-01,awq_to_gptq_4bit,int32,IC=32768 OC=32768,1457,0.02027077707486262,0.013520345754179328,0.020156361316586578,0.013520345754179328,53270618001.693726,53270618001.693726,0.05780231988031003,1457,0.020169395033103932,
batched_moe_align_block_size,0,MetaX C600-UL,Yes,-1.43e-06,batched_moe_align_block_size,int32,(131072 128 128),1720,0.0009817039256249994,0.13834418896431422,0.0009439840147644285,0.13834418896431422,69424904.42102934,71647047981.92796,0.07774202254983503,1720,0.0009346762723700945,
batched_rotary_embedding,0,MetaX C600-UL,Yes,3.70e-06,batched_rotary_embedding,bfloat16,[B=4 S=1024 H=32 D=128],4881,0.00034665370348114377,0.001704097649990915,0.00031083530354959174,0.001704097649990915,107949231045.58685,435381175994.4079,0.47241881075782105,4881,0.0003073448540611947,
build_tree_kernel_efficient,0,MetaX C600-UL,Yes,0.00e+00,build_tree_kernel_efficient,int64,bs:1024_draft:64,3448,0.0004930330530660385,0.027129590581161184,0.0004422899622575578,0.027129590581161184,148174287.44140604,15724996254.719215,0.01706271294999915,3448,0.00043507497019529897,
concat_and_cache_mla,0,MetaX C600-UL,Yes,1.19e-07,concat_and_cache_mla,float16,(Tokens:131072 Rank:512 PE:64),986,0.0018268899553299477,0.0007638310374040021,0.0017496336893381844,0.0007638310374040021,86300889677.72179,173201091089.31662,0.1879352116854564,986,0.0017474580338228557,
concat_and_cache_mla_grouped,0,MetaX C600-UL,Yes,0.00e+00,concat_and_cache_mla_grouped,torch.bfloat16,layers=2,7499859187.65005, dim=576,0.0453301655237961,3.1631367378368675e-05,0.0453301655237961,9.830584569028606e-06,0.02073562164588711,1874964796.9125125,7499859187.65005,0.008137868042155003,
concat_and_cache_mla_grouped,0,MetaX C600-UL,Yes,0.00e+00,concat_and_cache_mla_grouped,torch.bfloat16,layers=2,50512995813.923775, dim=576,0.04742759833614832,3.3251686604808433e-05,0.04742759833614832,1.16766782586555e-05,0.028501485940063985,12628248953.480944,50512995813.923775,0.05481010830503882,
concat_and_cache_mla_grouped,0,MetaX C600-UL,Yes,-1.19e-07,concat_and_cache_mla_grouped,torch.bfloat16,layers=2,108809706875.10753, dim=576,0.033385170213941426,4.379888917957942e-05,0.033385170213941426,2.1682771397482166e-05,0.032292524049427514,27202426718.776882,108809706875.10753,0.11806608818913578,
concat_and_cache_mla_grouped,0,MetaX C600-UL,Yes,-2.38e-07,concat_and_cache_mla_grouped,torch.bfloat16,layers=8,28557209120.424103, dim=576,0.040541148810001405,3.27456841543674e-05,0.040541148810001405,1.0327059579119693e-05,0.021165244396247486,7139302280.106026,28557209120.424103,0.030986555035182405,
concat_and_cache_mla_grouped,0,MetaX C600-UL,Yes,5.96e-08,concat_and_cache_mla_grouped,torch.bfloat16,layers=8,108690656418.84123, dim=576,0.0323760515365012,4.373318113278513e-05,0.0323760515365012,2.170652085224708e-05,0.016603343628617557,27172664104.710308,108690656418.84123,0.11793691017669404,
concat_and_cache_mla_grouped,0,MetaX C600-UL,Yes,5.96e-08,concat_and_cache_mla_grouped,torch.bfloat16,layers=8,155094036464.689, dim=576,0.01605300752931444,8.231309208177856e-05,0.01605300752931444,6.084814229558471e-05,0.004261295938515444,38773509116.17225,155094036464.689,0.1682877999833865,
concat_mla_absorb_q,0,MetaX C600-UL,Yes,0.00e+00,concat_mla_absorb_q,bfloat16,(64 128 576),83251,4.355614993291534e-05,0.044353332391123185,2.096439321801341e-05,0.044353332391123185,225076488068.61746,900305952274.4698,0.9768944794644855,83251,1.80179552243893e-05,
concat_mla_k,0,MetaX C600-UL,Yes,-1.19e-07,concat_mla_k,bfloat16,(4096 128 192),6680,0.00026282482846715283,0.008654204894468883,0.0002284356982168515,0.008654204894468883,440663594988.737,1471173772853.023,1.5963257083908668,6680,0.0002245648903738774,
concat_mla_q,0,MetaX C600-UL,Yes,0.00e+00,concat_mla_q,float16,(4096 128 576),1933,0.0008421339652777783,0.016455118456693868,0.000805148580772245,0.016455118456693868,750146979605.5565,1500293959211.113,1.6279231328245585,1933,0.0007852113174146404,
convert_fp8,0,MetaX C600-UL,Yes,0.00e+00,convert_fp8,,B=8192 BS=32 HD=128,27714,8.280976811475404e-05,0.02444688888123123,6.149583711060438e-05,0.02444688888123123,545637454119.8636,1636912362359.5906,1.7761635876297641,27714,5.41258035634274e-05,
convert_vertical_slash_indexes,0,MetaX C600-UL,Yes,0.00e+00,convert_vertical_slash_indexes,torch.int32,(B64_H32_CTX4096),3179,0.000513494956535533,0.031084853002457474,0.0004777122439939505,0.031084853002457474,13718718920.009493,55699070590.15417,0.06043735958133048,3179,0.0004791727465029294,
convert_vertical_slash_indexes_mergehead,0,MetaX C600-UL,Yes,0.00e+00,convert_vertical_slash_indexes_mergehead,torch.int32,(B64_H32_CTX512),21762,0.00012779267009228103,0.025432370935320244,0.00010490206712534157,0.025432370935320244,2811307804.331694,12502022466.659088,0.013565562572329739,21762,6.893307517834987e-05,
cp_gather_cache,0,MetaX C600-UL,Yes,1.79e-07,cp_gather_cache,float16,(B=128 L=256 H=32 D=128),1208,0.0013105208059322033,0.002639771560494798,0.0012722221565448632,0.002639771560494798,105498656275.97014,843989250207.7611,0.9157869468400186,1208,0.001269199699755536,
cp_gather_indexer_k_cache,0,MetaX C600-UL,Yes,-1.19e-07,cp_gather_indexer_k_cache,uint8 (forced),(2097152 128),986,0.004385460086294412,0.0006473333147815412,0.0042968677443296155,0.0006473333147815412,62472357068.52795,124944714137.0559,0.13557369155496515,986,0.004295496448300181,
cp_gather_indexer_k_quant_cache,0,MetaX C600-UL,Yes,1.19e-07,cp_gather_indexer_k_quant_cache,int8/uint8,(512x4096 128),986,0.0070059842355330035,0.00072341616134501,0.00692259917864339,0.00072341616134501,38776686194.41937,87247543937.44359,0.09466964402934418,986,0.006921562309439222,
dsv3_router_gemm,0,MetaX C600-UL,Yes,4.44e-01,dsv3_router_gemm,torch.bfloat16,tokens=1,344074029616.88275,hidden=7168,0.2758687883389925,3.2750752363476224e-05,0.2758687883389925,1.071099729352886e-05,0.06373726075975453,172013114139.5322,344074029616.88275,0.3733442161641523,
dsv3_router_gemm,0,MetaX C600-UL,Yes,5.67e-01,dsv3_router_gemm,torch.bfloat16,tokens=2,299085502495.5882,hidden=7168,0.043054481286064095,3.6097309596476436e-05,0.043054481286064095,1.2373505131879769e-05,0.051032869064330875,149501372511.97568,299085502495.5882,0.3245285400342754,
dsv3_router_gemm,0,MetaX C600-UL,Yes,9.34e-01,dsv3_router_gemm,torch.bfloat16,tokens=4,236911752874.04987,hidden=7168,0.03334588790979869,3.914986035402339e-05,0.03334588790979869,1.57504047592935e-05,0.03800703965623878,118390862234.80922,236911752874.04987,0.2570657040734048,
dsv3_router_gemm,0,MetaX C600-UL,Yes,9.34e-01,dsv3_router_gemm,torch.bfloat16,tokens=8,155809588809.80124,hidden=7168,0.03496031951463416,4.600470622403939e-05,0.03496031951463416,2.4343148768783653e-05,0.02792882828496925,77820663957.37912,155809588809.80124,0.16906422396896836,
dsv3_router_gemm,0,MetaX C600-UL,Yes,9.34e-01,dsv3_router_gemm,torch.bfloat16,tokens=16,104794996711.10152,hidden=7168,0.01629058987164322,5.8752305674571845e-05,0.01629058987164322,3.736605871361395e-05,0.015289412936647817,52287880158.15421,104794996711.10152,0.11370984886187231,
dsv4_fused_q_indexer_rope_hadamard_quant,0,MetaX C600-UL,Yes,0.00e+00,dsv4_fused_q_indexer_rope_hadamard_quant,bfloat16,(1024 32 128),23986,8.765427457255539e-05,0.003854085844420774,6.576154021638821e-05,0.003854085844420774,132045569057.94627,210338625805.98328,0.22823201584850616,23986,6.254196580492267e-05,
dsv4_fused_q_norm_rope,0,MetaX C600-UL,Yes,0.00e+00,dsv4_fused_q_norm_rope,bfloat16,(16 8 192),263809,2.733108091490691e-05,0.03352499778080106,5.686113598551975e-06,0.03352499778080106,14407028382.419538,40350934961.69847,0.04378356658170407,263809,8.746173659899609e-06,
dynamic_per_token_scaled_fp8_quant,0,MetaX C600-UL,Yes,1.79e-07,dynamic_per_token_scaled_fp8_quant,fp16->fp8,(4096 4096),4881,0.00034400876967213134,0.021246831389640168,0.00030828689844271184,0.021246831389640168,54420788183.82763,163315509852.44366,0.17720866954475223,4881,0.00030816641888934017,
dynamic_scaled_int8_quant,0,MetaX C600-UL,Yes,5.96e-08,dynamic_scaled_int8_quant,fp16->int8,(4096 4096),20824,9.748107638888888e-05,0.01141415416368535,7.551777169472539e-05,0.01141415416368535,222162487365.4981,666704417650.5621,0.7234205920687523,20824,7.2035108851802e-05,
fast_topk,0,MetaX C600-UL,Yes,0.00e+00,fast_topk,float32,(1 32000) -> Top2048,67749,4.877348893965775e-05,0.01178675019859415,2.7200830763322444e-05,0.01178675019859415,1176434656.6630878,5006905898.758102,0.005432840601951066,67749,2.2143178831514116e-05,
fast_topk,0,MetaX C600-UL,Yes,0.00e+00,fast_topk,float32,(1 64000) -> Top2048,45558,5.929049829290592e-05,0.011647909763785021,3.8231149410464754e-05,0.011647909763785021,1674027618.4969137,6910386009.15526,0.00749824870785076,45558,3.292538293634596e-05,
fast_topk,0,MetaX C600-UL,Yes,0.00e+00,fast_topk,float32,(1 128000) -> Top2048,27896,7.986173203473555e-05,0.007196536074911438,5.976644553953949e-05,0.007196536074911438,2141669942.7995842,8703746647.53751,0.009444169539428721,27896,5.377314864837567e-05,
fast_topk,0,MetaX C600-UL,Yes,5.96e-08,fast_topk,float32,(8 32000) -> Top2048,62691,4.945235768257187e-05,0.012916552963094926,2.8773499046438312e-05,0.012916552963094926,8897075728.844616,37865954301.962685,0.04108718999778937,62691,2.396379885725473e-05,
fast_topk,0,MetaX C600-UL,Yes,0.00e+00,fast_topk,float32,(8 64000) -> Top2048,39885,6.151868827126488e-05,0.011719268391841177,4.133141298112006e-05,0.011719268391841177,12387672307.111265,51136311283.7553,0.05548644887560254,39885,3.760898331229484e-05,
fast_topk,0,MetaX C600-UL,Yes,-1.19e-07,fast_topk,float32,(8 128000) -> Top2048,24838,8.378348663734768e-05,0.007175330074083986,6.344560755864752e-05,0.007175330074083986,16139809190.942656,65592184551.99095,0.0711720752517263,24838,6.03922320134912e-05,
fast_topk,0,MetaX C600-UL,Yes,5.96e-08,fast_topk,float32,(32 32000) -> Top2048,52466,5.194422716184333e-05,0.02693350347058762,3.1544522248124434e-05,0.02693350347058762,32462054487.475548,138158503898.69592,0.1499115710706336,52466,2.859019770322515e-05,
fast_topk,0,MetaX C600-UL,Yes,0.00e+00,fast_topk,float32,(32 64000) -> Top2048,35566,6.523549909855823e-05,0.022735620021605514,4.5079168920963846e-05,0.022735620021605514,45431183604.79773,187539925920.605,0.20349384322982314,35566,4.217537749071213e-05,
fast_topk,0,MetaX C600-UL,Yes,0.00e+00,fast_topk,float32,(32 128000) -> Top2048,22719,8.904342660845621e-05,0.019532984628456627,6.897901176125513e-05,0.019532984628456627,59380381008.88951,241321868420.12695,0.26185098569892246,22719,6.602474153494402e-05,
fast_topk_transform_fused,0,MetaX C600-UL,Yes,-1.19e-07,fast_topk_transform_fused,float32,B=128 V=64000 -> Top2048 (Mapped),9141,0.00018885215658482167,0.011731769637271764,0.00016758274269190716,0.011731769637271764,48883315002.55131,208048176321.46143,0.22574671909880797,9141,0.00016412115143994092,
fast_topk_transform_ragged_fused,0,MetaX C600-UL,Yes,5.96e-08,fast_topk_transform_ragged_fused,float32,B=32 V=64000 -> Top2048 (+Offset),36180,6.59501711055869e-05,0.02156392169915141,4.440366656865243e-05,0.02156392169915141,46122317327.8628,190395808574.25064,0.20659267423421293,36180,4.145970253841185e-05,
fatrelu_and_mul,0,MetaX C600-UL,Yes,5.96e-08,fatrelu_and_mul,torch.float16,(B32_S512_H4096),4459,0.0006232059990808825,0.02937417321899648,0.00034506805907414474,0.02937417321899648,194480080770.32803,1166880484621.9683,1.2661463591818232,4459,0.00033642654022338493,
fp32_router_gemm,0,MetaX C600-UL,Yes,1.19e-07,fp32_router_gemm,float32,(32 3072 256),24870,8.786213472814525e-05,0.008540219744715477,6.665251952696633e-05,0.008540219744715477,13396762888.141663,53587051552.56665,0.0581456722575593,24870,6.03140210932788e-05,
fused_add_rms_norm,0,MetaX C600-UL,Yes,1.19e-07,fused_add_rms_norm,float16,(16384 4096),4145,0.0006014958079150578,0.08253298556261597,0.000566206455669403,0.08253298556261597,118523664518.55428,948189316148.4342,1.0288512545013393,4145,0.0004993324184302677,
fused_add_rms_norm_static_fp8_quant,0,MetaX C600-UL,Yes,1.37e-04,fused_add_rms_norm_static_fp8_quant,torch.bfloat16,(32768 4096),993,0.0019320608014112887,0.009410303706727156,0.0018509935480692688,0.009410303706727156,72511180895.25465,507578266266.7826,0.5507576673901721,993,0.0018368932991949822,
fused_add_rmsnorm,0,MetaX C600-UL,Yes,-2.38e-07,fused_add_rmsnorm,bfloat16,(8192 4096),7296,0.0002521559772471906,0.020789702494558204,0.00021106376640624104,0.020789702494558204,158977699352.7953,1271860407737.2434,1.3800568660343353,7296,0.00020561207011913913,
fused_bias_dropout,0,MetaX C600-UL,Yes,0.00e+00,fused_bias_dropout,float16,(8192 4096),9110,0.0001938571805807622,0.043704787981633395,0.0001704300834819296,0.043704787981633395,196880922161.59546,1181285532969.5728,1.2817768369895537,9110,0.0001646652444150262,
fused_deepseek_v4_qnorm_rope_kv_rope_full_cache_bf16_insert,0,MetaX C600-UL,Yes,-2.38e-07,fused_deepseek_v4_qnorm_rope_kv_rope_full_cache_bf16_insert,torch.bfloat16,2048x17,14768,0.00012717884823430426,0.014033431957692688,0.00010521542599096896,0.014033431957692688,179387839969.5883,378707662158.0197,0.41092411258465683,14768,0.0001015767025794604,
fused_deepseek_v4_qnorm_rope_kv_rope_full_cache_fp8_insert,0,MetaX C600-UL,Yes,0.00e+00,fused_deepseek_v4_qnorm_rope_kv_rope_full_cache_fp8_insert,torch.bfloat16,2048x17,14893,0.00012817030278856824,0.020974969927962713,0.00010408182914982025,0.020974969927962713,181341624702.15,544024874106.45,0.5903047679106446,14893,0.00010072514881743039,
fused_deepseek_v4_qnorm_rope_kv_rope_quant_insert,0,MetaX C600-UL,Yes,1.19e-07,fused_deepseek_v4_qnorm_rope_kv_rope_quant_insert,torch.bfloat16,2048x64,4479,0.0003763451120923902,0.008134186405904669,0.00033973594202889486,0.008134186405904669,200618867679.89694,407410623596.09845,0.4420688190061832,4479,0.00033491379835025943,
fused_kda_decode,0,MetaX C600-UL,Yes,0.00e+00,fused_kda_decode,bfloat16,heads=12,847145561.7331837,dim=128,0.20253029678298293,4.667353289626333e-05,0.20253029678298293,2.1757772020064395e-05,0.016777526363138433,211786390.43329594,847145561.7331837,0.0009192117640334025,
fused_kda_decode,0,MetaX C600-UL,Yes,0.00e+00,fused_kda_decode,bfloat16,heads=12,841976506.7879717,dim=128,0.10129535571553187,4.80012082214571e-05,0.10129535571553187,2.1891347147339806e-05,0.01803882189708549,210494126.69699293,841976506.7879717,0.0009136029804556985,
fused_kda_decode,0,MetaX C600-UL,Yes,0.00e+00,fused_kda_decode,bfloat16,heads=12,2868747818.2626066,dim=128,0.04098645757732247,5.102958968955538e-05,0.04098645757732247,2.5700411702500824e-05,0.021042884661456172,717186954.5656517,2868747818.2626066,0.0031127906014134185,
fused_kda_decode,0,MetaX C600-UL,Yes,0.00e+00,fused_kda_decode,bfloat16,heads=12,2862683228.4236197,dim=128,0.04034468436972752,4.986112936006582e-05,0.04034468436972752,2.5754857983570696e-05,0.022221188510012122,715670807.1059049,2862683228.4236197,0.003106210100286046,
fused_kda_decode,0,MetaX C600-UL,Yes,0.00e+00,fused_kda_decode,bfloat16,heads=48,2884111872.866923,dim=128,0.03627438398175227,4.9092605967148506e-05,0.03627438398175227,2.5563502128199838e-05,0.020593181757681846,721027968.2167307,2884111872.866923,0.0031294616676073384,
fused_kda_decode,0,MetaX C600-UL,Yes,0.00e+00,fused_kda_decode,bfloat16,heads=48,2868352297.0331993,dim=128,0.03416639206931812,4.8896749109101045e-05,0.03416639206931812,2.570395556928572e-05,0.021394059870394038,717088074.2582998,2868352297.0331993,0.00311236143341276,
fused_kda_decode,0,MetaX C600-UL,Yes,0.00e+00,fused_kda_decode,bfloat16,heads=48,5813386365.180649,dim=128,0.023788648888561678,7.327419179286091e-05,0.023788648888561678,5.072981244913966e-05,0.018457370829527052,1453346591.2951622,5813386365.180649,0.006307927913607475,
fused_kda_decode,0,MetaX C600-UL,Yes,0.00e+00,fused_kda_decode,bfloat16,heads=48,5742794842.2077055,dim=128,0.023423202458590583,7.388149510542201e-05,0.023423202458590583,5.1353392921594744e-05,0.018590435480620327,1435698710.5519264,5742794842.2077055,0.006231331208992736,
fused_kimi_k3_mla_decode_q_concat_ds_mla_insert,0,MetaX C600-UL,Yes,0.00e+00,fused_kimi_k3_mla_decode_q_concat_ds_mla_insert,,tokens=1,393363417.4585938,204880,7.321473914902508e-06,0.08756393277115604,7.321473914902508e-06,0.023973747338937434,,,393363417.4585938,204881,
fused_kimi_k3_mla_decode_q_concat_ds_mla_insert,0,MetaX C600-UL,Yes,0.00e+00,fused_kimi_k3_mla_decode_q_concat_ds_mla_insert,,tokens=16,5729568506.718656,186512,8.042490450365552e-06,0.05106374007056272,8.042490450365552e-06,0.02592609510506036,,,5729568506.718656,186513,
fused_kimi_k3_mla_decode_q_concat_kv_cache_fp8_insert,0,MetaX C600-UL,Yes,1.00e+00,fused_kimi_k3_mla_decode_q_concat_kv_cache_fp8_insert,,tokens=1,0.0012062882821344864,193008,7.771774076600706e-06,0.19726238365378068,7.771774076600706e-06,0.03021461713504449,370571760.2717142,1111715280.8151426,0.0012062882821344864,193009,
fused_kimi_k3_mla_decode_q_concat_kv_cache_fp8_insert,0,MetaX C600-UL,Yes,1.00e+00,fused_kimi_k3_mla_decode_q_concat_kv_cache_fp8_insert,,tokens=16,0.01484030621221687,148416,1.010760814871304e-05,0.11520510048094273,1.010760814871304e-05,0.027867974963282385,4558942068.393023,13676826205.179068,0.01484030621221687,148417,
fused_kimi_k3_mla_decode_q_concat_kv_cache_insert,0,MetaX C600-UL,Yes,1.00e+00,fused_kimi_k3_mla_decode_q_concat_kv_cache_insert,torch.bfloat16,tokens=416,0.32046386922608205,25536,5.877591006138473e-05,0.07763600144135827,5.877591006138473e-05,0.01600389454227563,126379940221.12463,295339501878.7572,0.32046386922608205,27246,
fused_kimi_k3_mla_key_concat_ds_mla_insert,0,MetaX C600-UL,Yes,1.00e+00,fused_kimi_k3_mla_key_concat_ds_mla_insert,torch.bfloat16,tokens=3,0.0013275312070525494,207792,7.218913787051925e-06,0.15471628905098903,7.218913787051925e-06,0.03915806629621169,319161589.67468596,1223452760.4196296,0.0013275312070525494,207793,
fused_kimi_k3_mla_key_concat_ds_mla_insert,0,MetaX C600-UL,Yes,1.00e+00,fused_kimi_k3_mla_key_concat_ds_mla_insert,torch.bfloat16,tokens=32,0.011696880259728613,171648,8.739272348898436e-06,0.09719354556405027,8.739272348898436e-06,0.025915221366252905,2812133438.4432755,10779844847.36589,0.011696880259728613,171649,
fused_kimi_k3_mla_key_concat_kv_cache_insert,0,MetaX C600-UL,Yes,1.00e+00,fused_kimi_k3_mla_key_concat_kv_cache_insert,torch.bfloat16,tokens=1,0.0009147098347463635,197584,7.5919643373792345e-06,1.069999121060133,7.5919643373792345e-06,0.025207410447141927,101159590.04426983,842996583.7022486,0.0009147098347463635,197585,
fused_kimi_k3_mla_key_concat_kv_cache_insert,0,MetaX C600-UL,Yes,1.00e+00,fused_kimi_k3_mla_key_concat_kv_cache_insert,torch.bfloat16,tokens=32,0.021653523867840713,146176,1.0262635475801759e-05,0.06319135725235914,1.0262635475801759e-05,0.020556728337719515,2394706511.5922403,19955887596.602,0.021653523867840713,146177,
fused_kimi_k3_mla_key_concat_kv_cache_insert,0,MetaX C600-UL,Yes,1.00e+00,fused_kimi_k3_mla_key_concat_kv_cache_insert,torch.bfloat16,tokens=128,0.07203512004127566,121568,1.2339659993341598e-05,0.03735232571606149,1.2339659993341598e-05,0.02425706336538002,7966507995.604758,66387566630.03965,0.07203512004127566,121569,
fused_kimi_k3_mla_qkv_quant_kv_cache_fp8_insert,0,MetaX C600-UL,Yes,0.00e+00,fused_kimi_k3_mla_qkv_quant_kv_cache_fp8_insert,,tokens=1664,0.0004463978871743038,dim=128,22.922930379232692,0.0010943059574531403,22.922930379232692,,,,0.0004463978871743038,0.002495864319172105,
fused_minimax_m3_qknorm_rope_kv_insert,0,MetaX C600-UL,Yes,0.00e+00,fused_minimax_m3_qknorm_rope_kv_insert,torch.bfloat16,64x16,112881,4.435049801559161e-05,0.024624253065297714,1.328845228732618e-05,0.024624253065297714,17877778003.28032,143022224026.24255,0.15518904516736387,112881,1.6501319199464478e-05,
fused_mla_absorb_rotary_emb,0,MetaX C600-UL,Yes,1.19e-07,fused_mla_absorb_rotary_emb,bfloat16,(4096 128 512 128 64),986,0.0032520330629441626,0.0005347623675054343,0.0031729040203965905,0.0005347623675054343,96582289924.32503,263732352009.62878,0.28616791667711455,986,0.0031717634621788366,
fused_moe_gate_deepseek,0,MetaX C600-UL,Yes,0.00e+00,fused_moe_gate_deepseek,bfloat16,(4096 256),7583,0.0002647584616827435,0.00117199523655636,0.00020097728170819762,0.00117199523655636,5544746105.273581,11741665425.778053,0.012740522380401534,7583,0.00019783111822513951,
fused_moe_gate_opt,0,MetaX C600-UL,Yes,1.36e-05,fused_moe_gate_opt,bfloat16,(131072 320),986,0.005060407954314721,7.78242469119656e-05,0.004985792360935133,7.78242469119656e-05,8412512387.927279,18507655618.192028,0.020082091599600727,986,0.004984681470882583,
fused_rope_fwd,0,MetaX C600-UL,Yes,5.96e-08,fused_rope_fwd,float16,(4096 4 32 128),14945,0.00012432555732044183,0.009536696794817716,0.00010365850211311454,0.009536696794817716,323701686943.0028,1305238540417.6355,1.4162744579184412,14945,0.00010037089095202605,
fused_silu_mul_dq_mask_quant,0,MetaX C600-UL,Yes,1.62e-04,fused_silu_mul_dq_mask_quant,bfloat16/int32,(mask1_bf16_h512 Experts:1 Capacity:12 Hidden:512 Mask:7 Weight:False),236913,2.5128578379312835e-05,0.03042530136843119,6.331847377238397e-06,0.03042530136843119,566027540.8538264,2835191521.5981836,0.0030763796892341404,236913,9.36736981342471e-06,
fused_silu_mul_dq_mask_quant,0,MetaX C600-UL,Yes,1.46e-04,fused_silu_mul_dq_mask_quant,bfloat16/int32,(mask2_bf16_h1024 Experts:2 Capacity:12 Hidden:1024 Mask:7x5 Weight:False),229281,2.7279544971214227e-05,0.032616169239147424,6.542261468633863e-06,0.032616169239147424,1878249602.0547993,9399807741.533361,0.010199444163990193,229281,9.594397943916817e-06,
fused_silu_mul_dq_mask_quant,0,MetaX C600-UL,Yes,1.61e-04,fused_silu_mul_dq_mask_quant,float16/int64,(mask2_fp16_h2048_weight Experts:2 Capacity:12 Hidden:2048 Mask:5x9 Weight:True),220289,2.7652163685720633e-05,0.02896225117984007,6.809384056205398e-06,0.02896225117984007,4210659842.8489547,29485192543.521267,0.0319934814925361,220289,9.801172094989318e-06,
fused_silu_mul_dq_mask_quant,0,MetaX C600-UL,Yes,1.86e-04,fused_silu_mul_dq_mask_quant,bfloat16/int32,(mask3_bf16_h4096_weight Experts:3 Capacity:12 Hidden:4096 Mask:9x6x3 Weight:True),188721,2.9426115223612253e-05,0.030255069821896744,7.948816192727197e-06,0.030255069821896744,9275343423.77394,64937971577.74023,0.07046220874320772,188721,1.0690710401721279e-05,
fused_silu_mul_dq_quant_interface,0,MetaX C600-UL,Yes,5.96e-08,fused_silu_mul_dq_quant_interface,bfloat16,(8192 4096),5488,0.00031291154750045976,0.004131623528190281,0.0002767148881001646,0.004131623528190281,121259944596.30971,606418140896.1934,0.6580057952432654,5488,0.00027333340648311914,
fused_silu_mul_per_group_quant_fp8,0,MetaX C600-UL,Yes,2.65e-04,fused_silu_mul_per_group_quant_fp8,float16->float8_e4m3fn,(4096 8192) -> (4096 4096),9986,0.00018825456835253,0.00415301860106836,0.00016691387226030658,0.00415301860106836,100514209950.35985,505712118812.748,0.5487327678089713,9986,0.00016373004371421067,
fused_silu_mul_per_group_quant_int8,0,MetaX C600-UL,Yes,7.55e-05,fused_silu_mul_per_group_quant_int8,float16->int8,(4096 8192) -> (4096 4096),11129,0.0001600746334010336,0.013009186850808417,0.00013854903366933792,0.013009186850808417,121092262830.50533,609245447365.98,0.6610736191037109,11129,0.000134791050557178,
fused_unpack,0,MetaX C600-UL,Yes,0.00e+00,fused_unpack,float32,(8192 16 1),23265,8.626450085969744e-05,0.25274780171725475,6.448500685584657e-05,0.25274780171725475,8384460611.265015,33537842445.06006,0.036390888069726623,23265,6.709369007988812e-05,
gather_and_maybe_dequant_cache,0,MetaX C600-UL,Yes,5.96e-08,gather_and_maybe_dequant_cache,float16,(B=64 L=1024 H=576),7505,0.0002569112462121219,0.029224430143923792,0.00020324315151876984,0.029224430143923792,185731896587.49136,742927586349.9655,0.806128023383209,7505,0.00019989090521164055,
gelu_and_mul,0,MetaX C600-UL,Yes,0.00e+00,gelu_and_mul,torch.float16,(B32_S512_H4096),2272,0.0007042059523172912,0.003062619581378639,0.0006686319612139279,0.003062619581378639,100367418688.99176,602204512133.9506,0.6534337154231235,2272,0.0006642849344602773,
gelu_fast,0,MetaX C600-UL,Yes,0.00e+00,gelu_fast,float16,(16384 4096),2382,0.0006747167107613771,0.0009030636237748302,0.0006382329313869623,0.0009030636237748302,105147918102.82149,420591672411.28595,0.45637117232127383,2382,0.0006346073230708175,
gelu_new,0,MetaX C600-UL,Yes,1.79e-07,gelu_new,float16,(8192 512),32676,7.051890324171533e-05,0.007878915878077316,4.9316351477480143e-05,0.007878915878077316,85048951804.86517,340195807219.4607,0.36913607554194955,32676,4.5906025775653426e-05,
gelu_quick,0,MetaX C600-UL,Yes,0.00e+00,gelu_quick,float16,(16384 4096),2645,0.0006069494265601236,0.0014979735091591787,0.0005708491159673928,0.0014979735091591787,117559723091.22975,470238892364.919,0.5102418536945735,2645,0.000567112319455931,
gelu_tanh_and_mul,0,MetaX C600-UL,Yes,3.93e-06,gelu_tanh_and_mul,torch.bfloat16,(B8_S128_H4096),26487,8.155529448270388e-05,0.006323504316273877,6.006212495545251e-05,0.006323504316273877,69832760714.19176,418996564285.1505,0.4546403692330192,26487,5.663291611390314e-05,
get_cuda_view_from_cpu_tensor,0,MetaX C600-UL,Yes,5.10e-05,get_cuda_view_from_cpu_tensor,float32,(67108864),636641,2.264209225465122e-05,0.049421458537813774,2.3561357600312156e-06,0.049421458537813774,,,,636641,5.569431159399625e-06,
gptq_gemm,0,MetaX C600-UL,Yes,1.19e-07,gptq_gemm,torch.float16,(M128_K1024_N4096_G128_B4),38411,7.268412465803849e-05,0.014006283561226055,3.946602642224541e-05,0.014006283561226055,13284539831.567131,88529003721.30284,0.09606011688509423,38411,3.9051526937027496e-05,
gptq_shuffle,0,MetaX C600-UL,Yes,0.00e+00,gptq_shuffle,,(1024 4096),35614,7.155758076255296e-05,0.007143494207280498,5.00865377479234e-05,0.007143494207280498,10467643074.84474,83822923060.28014,0.09095369255672758,35614,4.2201119885262814e-05,4
grouped_topk,0,MetaX C600-UL,Yes,0.00e+00,grouped_topk,bfloat16,(8192 256 8),3376,0.0004861672094897029,0.0012812430853258478,0.000447663486919904,0.0012812430853258478,4977453076.039401,10542776299.386763,0.011439644422077651,3376,0.0004443561687306346,
indexer_k_cache,0,MetaX C600-UL,Yes,0.00e+00,indexer_k_cache,float16,(Tokens=5163 H=128),3813,0.0004338843228283901,0.07021197125452992,0.00039852610129420985,0.07021197125452992,1658270306.145194,6684902171.647814,0.007253583085555354,3813,0.0003934511994396393,
init_custom_ar,0,MetaX C600-UL,Yes,0.00e+00,init_custom_ar,int64,(WS 2 Rank 0),637137,2.154735067865931e-05,0.04513336663765955,2.3543204360568356e-06,0.04513336663765955,,,,637137,5.557722212213638e-06,
kimi_k3_attn_res,0,MetaX C600-UL,Yes,0.00e+00,kimi_k3_attn_res,torch.bfloat16,tokens=1,2095006216.762058, hidden=7168,0.4184988079756589,3.835709948365201e-05,0.4184988079756589,1.3685878242554373e-05,0.02038883225866922,523751554.1905145,2095006216.762058,0.0022732272317296637,
kimi_k3_attn_res,0,MetaX C600-UL,Yes,0.00e+00,kimi_k3_attn_res,torch.bfloat16,tokens=1,3588520707.347731, hidden=7168,0.04990440392114939,4.134766570436264e-05,0.04990440392114939,1.597984369508706e-05,0.01840017354206152,448565088.4184664,3588520707.347731,0.0038937941702991874,
kimi_k3_attn_res,0,MetaX C600-UL,Yes,0.00e+00,kimi_k3_attn_res,torch.bfloat16,tokens=1,4333650674.742777, hidden=7168,0.03931587339715374,5.8004340265526105e-05,0.03931587339715374,3.308065433965997e-05,0.013058822272824502,216682533.73713884,4333650674.742777,0.004702311930059436,
kimi_k3_attn_res,0,MetaX C600-UL,Yes,0.00e+00,kimi_k3_attn_res,torch.bfloat16,tokens=1,4661509425.680885, hidden=7168,0.06596700647320868,6.202382381444303e-05,0.06596700647320868,3.690478432849507e-05,0.011803657672374172,194229559.4033702,4661509425.680885,0.005058061442796099,
kimi_k3_attn_res,0,MetaX C600-UL,Yes,0.00e+00,kimi_k3_attn_res,torch.bfloat16,tokens=320,165540862874.79947, hidden=7168,0.026892528646264353,8.012832291666665e-05,0.026892528646264353,5.5424623507847685e-05,0.009965463960181133,41385215718.69987,165540862874.79947,0.17962333211241263,
kimi_k3_attn_res,0,MetaX C600-UL,Yes,0.00e+00,kimi_k3_attn_res,torch.bfloat16,tokens=320,237665538277.98526, hidden=7168,0.020631445884058332,0.00010207215339506168,0.020631445884058332,7.720967933742606e-05,0.00797209074930628,29708192284.748158,237665538277.98526,0.2578836135828833,
kimi_k3_attn_res,0,MetaX C600-UL,Yes,0.00e+00,kimi_k3_attn_res,torch.bfloat16,tokens=320,181231314603.56543, hidden=7168,0.06576472379321896,0.00029226671987850214,0.06576472379321896,0.0002531306474289487,0.004155166408714648,9061565730.178272,181231314603.56543,0.19664856185282706,
kimi_k3_attn_res,0,MetaX C600-UL,Yes,0.00e+00,kimi_k3_attn_res,torch.bfloat16,tokens=320,194826451440.351, hidden=7168,0.05598700247180472,0.00032822417649274865,0.05598700247180472,0.00028256039974558814,0.0038065121641438033,8117768810.014626,194826451440.351,0.2114002294274642,
masked_situ_and_mul,0,MetaX C600-UL,Yes,0.00e+00,masked_situ_and_mul,float16,(64,322187871778.9009,4096),0.005931387578231947,0.0006613035739275301,0.005931387578231947,0.0006248732793336148,0.001156774086849474,53697978629.81681,322187871778.9009,0.34959621503786986,
masked_situ_and_mul,0,MetaX C600-UL,Yes,0.00e+00,masked_situ_and_mul,bfloat16,(64,322284832270.05084,4096),0.005237213947592715,0.0006603696290591169,0.005237213947592715,0.0006246852840759916,0.0011201945932452528,53714138711.67513,322284832270.05084,0.34970142390413506,
merge_attn_states,0,MetaX C600-UL,Yes,-2.38e-07,merge_attn_states,bfloat16,(T:4096 H:32 D:128),13006,0.00014047702091224754,0.013639787011691138,0.00011838343439240061,0.013639787011691138,141719287720.52063,863601909546.9226,0.9370680442132406,13006,0.00011533370932388557,
mhc_post,0,MetaX C600-UL,Yes,5.96e-08,mhc_post,bfloat16/fp32_mix,(8 4 4096),248849,4.116594544058993e-05,0.0358672926508445,6.027866643491311e-06,0.0358672926508445,48951315191.852974,98698932008.12607,0.10709519532131735,248849,1.0528739734202924e-05,
mhc_post,0,MetaX C600-UL,Yes,1.19e-07,mhc_post,bfloat16/fp32_mix,(8 4 7168),206273,4.158984999418298e-05,0.0365522491360385,7.272294215261533e-06,0.0365522491360385,70989427093.94135,143166924932.03223,0.15534605569881968,206273,1.231485800256505e-05,
mhc_post,0,MetaX C600-UL,Yes,1.79e-07,mhc_post,bfloat16/fp32_mix,(256 4 4096),63730,6.127165826829849e-05,0.030813349091566078,2.5233558386960358e-05,0.030813349091566078,374196292698.8286,754479717368.6825,0.8186628877698378,63730,2.353683238337276e-05,
mhc_post,0,MetaX C600-UL,Yes,0.00e+00,mhc_post,bfloat16/fp32_mix,(256 4 7168),51618,6.677386005942315e-05,0.029459362608138008,3.183594161272433e-05,0.029459362608138008,518916393331.9043,1046517310695.273,1.1355439569176138,51618,2.905989774522697e-05,
mhc_post,0,MetaX C600-UL,Yes,1.79e-07,mhc_post,bfloat16/fp32_mix,(8192 4 4096),3133,0.0005305631666130595,0.0040816658481937175,0.0004825399914770184,0.0040816658481937175,626173443314.2635,1262532985370.2188,1.369935965028449,3133,0.00047881396629922203,
mhc_post,0,MetaX C600-UL,Yes,0.00e+00,mhc_post,bfloat16/fp32_mix,(8192 4 7168),2014,0.000797392416957605,0.002366899764612693,0.0007481439767632991,0.002366899764612693,706610171864.3593,1425046088872.4226,1.546273967960528,2014,0.0007450164605927207,
mhc_pre,0,MetaX C600-UL,Yes,0.00e+00,mhc_pre,bfloat16,(96 4 4096 n_splits=64),86129,5.079547863644831e-05,0.035278961365255705,1.7416596256060063e-05,0.035278961365255705,121814846529.60214,261494722220.2114,0.2837399329646391,86129,2.136982522278757e-05,
mhc_pre,0,MetaX C600-UL,Yes,-1.19e-07,mhc_pre,bfloat16,(512 4 4096 n_splits=32),51506,6.73835469018942e-05,0.03241871480432128,3.227545344110361e-05,0.03241871480432128,337891457354.7537,701802316777.1638,0.7615042499752211,51506,2.9122864589267543e-05,
mhc_pre,0,MetaX C600-UL,Yes,-1.19e-07,mhc_pre,bfloat16,(2048 4 4096 n_splits=32),16642,0.0001263952456380854,0.022073255383243867,9.355535017603118e-05,0.022073255383243867,466273707681.29553,968449456172.4445,1.0508349133815587,16642,9.013507349275366e-05,
mhc_pre,0,MetaX C600-UL,Yes,-3.58e-07,mhc_pre,bfloat16,(8192 4 4096 n_splits=8),4856,0.0003590420070598003,0.00852531854836613,0.0003123151629333952,0.00852531854836613,542959228771.62286,1097459965698.4829,1.190820275280472,4856,0.000308917081293449,
mhc_pre_big_fuse_kernel,0,MetaX C600-UL,Yes,0.00e+00,mhc_pre_big_fuse_kernel,bfloat16,(2080 4 4096),16368,0.00012746633066565088,0.024238077745160253,9.529032530423986e-05,0.024238077745160253,464937021240.5889,965673143692.2241,1.0478224215410419,16368,9.164745676242916e-05,
moe_align_block_size,0,MetaX C600-UL,Yes,-6.68e-06,moe_align_block_size,int32,(65536 8 256 64),5073,0.0005444452408146955,0.009735472848802948,0.00030018479199098153,0.009735472848802948,1746550837.9776654,14303309543.172974,0.015520084139727618,5073,0.00029569523211839564,
moe_align_block_size,0,MetaX C600-UL,Yes,-6.68e-06,moe_align_block_size,int32,(65536 8 512 64),5209,0.00033363935786604186,0.009664917796077385,0.00029208847377855385,0.009664917796077385,1794962989.1848717,14927655116.256561,0.016197542443854775,5209,0.0002879733191694035,
moe_align_block_size,0,MetaX C600-UL,Yes,-5.84e-06,moe_align_block_size,int32,(65536 8 896 64),5265,0.0003301484965277774,0.009552729729756662,0.0002898296300827718,0.009552729729756662,1808952382.9922764,15388474942.07638,0.01669756395624607,5265,0.00028494593801661435,
moe_align_block_size,0,MetaX C600-UL,Yes,-1.73e-05,moe_align_block_size,int32,(65536 16 256 64),2569,0.0006309044062499981,0.009207666372183681,0.0005882071003783497,0.009207666372183681,1782664641.9696894,14485897899.769085,0.015718205186381385,2569,0.0005840768898540362,
moe_align_block_size,0,MetaX C600-UL,Yes,-1.47e-05,moe_align_block_size,int32,(65536 16 512 64),2625,0.0006199301533742332,0.009617178520999971,0.0005772920741122569,0.009617178520999971,1816369991.9360056,14875083835.518188,0.016140498953470257,2625,0.0005715391415641421,
moe_align_block_size,0,MetaX C600-UL,Yes,-1.86e-05,moe_align_block_size,int32,(65536 16 896 64),2660,0.0006103074712121205,0.009243318745546094,0.0005685600970279082,0.009243318745546094,1844265901.6721847,15279137676.757477,0.016578925430509414,2660,0.0005639893540314266,
moe_align_block_size,0,MetaX C600-UL,Yes,-4.91e-05,moe_align_block_size,int32,(262144 8 256 64),1305,0.0012100463425925917,0.008727311017652055,0.0011665287898094568,0.008727311017652055,1797771318.0508413,14551592852.477055,0.015789488772219026,1305,0.0011629132617935823,
moe_align_block_size,0,MetaX C600-UL,Yes,-4.49e-05,moe_align_block_size,int32,(262144 8 512 64),1346,0.0011831507093373493,0.008584763837551216,0.0011392666991934682,0.008584763837551216,1840791099.647393,14958228843.223705,0.01623071706078961,1346,0.0011347765079401933,
moe_align_block_size,0,MetaX C600-UL,Yes,-4.91e-05,moe_align_block_size,int32,(262144 8 896 64),1371,0.0011810212868975886,0.008715526068839631,0.0011374748912022779,0.008715526068839631,1843690806.9094794,15069565168.055882,0.016351524704921745,1371,0.0011333756617261579,
moe_align_block_size,0,MetaX C600-UL,Yes,-1.40e-04,moe_align_block_size,int32,(262144 16 256 64),993,0.0024374746633064564,0.007244314899133978,0.0023458270940088424,0.007244314899133978,1787985146.3529007,14444005735.34866,0.01567274927880714,993,0.0023432574680324527,
moe_align_block_size,0,MetaX C600-UL,Yes,-1.36e-04,moe_align_block_size,int32,(262144 16 512 64),993,0.002371180735887096,0.007468830944795783,0.002285871997956306,0.007468830944795783,1834881394.8243544,14851968977.419945,0.01611541772723518,993,0.002281934993144611,
moe_align_block_size,0,MetaX C600-UL,Yes,-1.39e-04,moe_align_block_size,int32,(262144 16 896 64),993,0.0023770941532258076,0.007468794105589471,0.002291184514039947,0.007468794105589471,1830626898.1385374,14861107776.938452,0.016125333959351618,993,0.0022889473510292746,
moe_align_block_size,0,MetaX C600-UL,Yes,-3.95e-04,moe_align_block_size,int32,(1048576 8 256 64),993,0.004811840784274192,0.006484724443645769,0.004738899364106118,0.006484724443645769,1770159557.2039149,14285957729.505396,0.015501256216911237,993,0.004741508540550146,
moe_align_block_size,0,MetaX C600-UL,Yes,-3.92e-04,moe_align_block_size,int32,(1048576 8 512 64),993,0.0047125886481854855,0.006789105811595472,0.004615502456984211,0.006789105811595472,1817485328.6680193,14682318259.294952,0.015931334916769697,993,0.004616705773460182,
moe_align_block_size,0,MetaX C600-UL,Yes,-3.87e-04,moe_align_block_size,int32,(1048576 8 896 64),993,0.0047187269647177435,0.0068631888964571135,0.004622271996351982,0.0068631888964571135,1814823534.1019545,14682415066.348696,0.01593143995914572,993,0.004622579638451364,
moe_align_block_size,0,MetaX C600-UL,Yes,-1.08e-03,moe_align_block_size,int32,(1048576 16 256 64),993,0.009651018693548388,0.00636693718763518,0.009550499101800305,0.00636693718763518,1756684736.700036,14170240377.75044,0.015375694854329906,993,0.009550990273705175,
moe_align_block_size,0,MetaX C600-UL,Yes,-1.07e-03,moe_align_block_size,int32,(1048576 16 512 64),993,0.009657119895161277,0.006171275001600543,0.00956110063099091,0.006171275001600543,1754736891.4431365,14161489688.867258,0.015366199749204924,993,0.00955594735947501,
moe_align_block_size,0,MetaX C600-UL,Yes,-1.08e-03,moe_align_block_size,int32,(1048576 16 896 64),993,0.009725017030241938,0.00658819591096707,0.009631250068064664,0.00658819591096707,1741956223.8997362,14068710400.251053,0.015265527778050188,993,0.009631223739093872,
moe_fused_gate,0,MetaX C600-UL,Yes,8.94e-07,moe_fused_gate,torch.float32,(65535 256),2491,0.0006416954004844586,0.0012183452943478029,0.0006056397939142187,0.0012183452943478029,27701218064.901867,116000541420.74864,0.1258686430346665,2491,0.0006021729211451202,
moe_lora_align_block_size,0,MetaX C600-UL,Yes,-2.19e-05,moe_lora_align_block_size,int32,(262144 128 64),986,0.025738473711675154,0.0004651590708862751,0.025628814666283292,0.0004651590708862751,10228487.092103831,2782178455.3230195,0.0030188568308626516,986,0.02563468541576703,
moe_permute,0,MetaX C600-UL,Yes,0.00e+00,moe_permute,torch.bfloat16,(1024,8,4096),0.11304290456626202,0.0002557914522058809,0.11304290456626202,0.0002509000649088038,0.040997011828749416,133736242803.27005,8,,
moe_sum,0,MetaX C600-UL,Yes,0.00e+00,moe_sum,float16,(16384 2 4096),4305,0.000396995380028735,0.0323227549762568,0.00036053596915127593,0.0323227549762568,186136390657.43823,1116818343944.6294,1.2118254600093634,4305,0.00034850251865719254,
moe_sum_reduce,0,MetaX C600-UL,Yes,0.00e+00,moe_sum_reduce,bfloat16,(128 8 4096),115583,3.7009783908676054e-05,0.05530616909659746,1.582696288107707e-05,0.05530616909659746,298136290294.93787,596272580589.8757,0.6469971577581117,115583,1.2977702630338897e-05,
moe_sum_reduce,0,MetaX C600-UL,Yes,0.00e+00,moe_sum_reduce,bfloat16,(128 8 4096),113618,3.709489532614198e-05,0.0549829506823266,1.5742041660604345e-05,0.0549829506823266,299744601223.4001,599489202446.8002,0.6504874158493925,113618,1.3202169191117627e-05,
moe_sum_reduce,0,MetaX C600-UL,Yes,-1.19e-07,moe_sum_reduce,bfloat16,(128 8 7168),83737,4.221903002232158e-05,0.053326716543994825,2.092987829271934e-05,0.053326716543994825,394533397878.02124,789066795756.0425,0.8561922697005669,83737,1.7913417451616002e-05,
moe_sum_reduce,0,MetaX C600-UL,Yes,0.00e+00,moe_sum_reduce,bfloat16,(128 8 7168),84164,4.206084998615705e-05,0.053487730997454616,2.076805995804348e-05,0.053487730997454616,397607480750.8369,795214961501.6738,0.8628634564905315,84164,1.7822544333803807e-05,
moe_sum_reduce,0,MetaX C600-UL,Yes,0.00e+00,moe_sum_reduce,bfloat16,(2048 8 4096),15170,0.00012334868900602513,0.021891078242324693,0.00010270170428609879,0.021891078242324693,735114110567.0919,1470228221134.1838,1.5952997191126126,15170,9.889073934536193e-05,
moe_sum_reduce,0,MetaX C600-UL,Yes,-2.38e-07,moe_sum_reduce,bfloat16,(2048 8 4096),15181,0.00012300512418211558,0.02014656550350848,0.00010230646018678514,0.02014656550350848,737954102430.6885,1475908204861.377,1.6014628958999315,15181,9.88086341999829e-05,
moe_sum_reduce,0,MetaX C600-UL,Yes,-3.58e-07,moe_sum_reduce,bfloat16,(2048 8 7168),8941,0.00019243443383699642,0.01629490898692148,0.00017183495962466613,0.01629490898692148,768880653206.9315,1537761306413.863,1.6685778064386534,8941,0.00016778287323525705,
moe_sum_reduce,0,MetaX C600-UL,Yes,-2.38e-07,moe_sum_reduce,bfloat16,(2048 8 7168),8942,0.00019201338722577783,0.015994043786941074,0.0001715777695121066,0.015994043786941074,770033183061.5009,1540066366123.0017,1.67107895629666,8942,0.00016774856989727917,
moe_sum_reduce,0,MetaX C600-UL,Yes,-2.38e-07,moe_sum_reduce,bfloat16,(4096 8 4096),7769,0.00022439472274633153,0.019401066097934298,0.00019675032266335555,0.019401066097934298,767444454250.5575,1534888908501.115,1.6654610552312445,7769,0.00019308755781095388,
moe_sum_reduce,0,MetaX C600-UL,Yes,-3.58e-07,moe_sum_reduce,bfloat16,(4096 8 4096),7762,0.00022453902489517772,0.01924466393461687,0.00019669568121815964,0.01924466393461687,767657647920.2311,1535315295840.4622,1.6659237151046682,7762,0.00019325542987483398,
moe_sum_reduce,0,MetaX C600-UL,Yes,-4.77e-07,moe_sum_reduce,bfloat16,(4096 8 7168),4533,0.00037001582745535685,0.012310859634508611,0.00033509502858588723,0.012310859634508611,788555870599.1758,1577111741198.3516,1.7112757608489058,4533,0.0003309502150939838,
moe_sum_reduce,0,MetaX C600-UL,Yes,-2.38e-07,moe_sum_reduce,bfloat16,(4096 8 7168),4532,0.00036888278013392866,0.012072996726496041,0.0003349848000399235,0.012072996726496041,788815349139.7452,1577630698279.4905,1.7118388653206278,4532,0.00033103815447095217,
moe_sum_reduce,0,MetaX C600-UL,Yes,-2.38e-07,moe_sum_reduce,bfloat16,(8192 8 4096),3902,0.00042365685563016444,0.017941678127441307,0.0003884800661986401,0.017941678127441307,777362635244.1584,1554725270488.317,1.6869848855124967,3902,0.0003844273024983799,
moe_sum_reduce,0,MetaX C600-UL,Yes,-2.38e-07,moe_sum_reduce,bfloat16,(8192 8 4096),3903,0.00042483991477272663,0.017835095412161137,0.00038829282658128474,0.017835095412161137,777737489149.2666,1555474978298.5332,1.6877983705496238,3903,0.00038437682799489077,
moe_sum_reduce,0,MetaX C600-UL,Yes,-4.77e-07,moe_sum_reduce,bfloat16,(8192 8 7168),2286,0.0006991674471830966,0.008433818347206851,0.0006629532391441549,0.008433818347206851,797163770829.8231,1594327541659.6462,1.7299560998911092,2286,0.0006590729961245079,
moe_sum_reduce,0,MetaX C600-UL,Yes,-2.38e-07,moe_sum_reduce,bfloat16,(8192 8 7168),2282,0.0006999025761443662,0.008609956221337773,0.0006627247327755021,0.008609956221337773,797438631551.7566,1594877263103.5132,1.730552585832805,2282,0.0006575975884323471,
moe_sum_reduce,0,MetaX C600-UL,Yes,-4.77e-07,moe_sum_reduce,bfloat16,(16384 8 4096),1978,0.0008072596137295077,0.01627909560467601,0.000771791082150379,0.01627909560467601,782569000819.7296,1565138001639.4592,1.698283421917816,1978,0.0007692288513492164,
moe_sum_reduce,0,MetaX C600-UL,Yes,-2.38e-07,moe_sum_reduce,bfloat16,(16384 8 4096),2033,0.0008097283084016409,0.01645747287093182,0.0007716097051247229,0.01645747287093182,782752953972.2064,1565505907944.4128,1.6986826258077397,2033,0.0007690591206998585,
moe_sum_reduce,0,MetaX C600-UL,Yes,-4.77e-07,moe_sum_reduce,bfloat16,(16384 8 7168),1172,0.0013707724295774664,0.007394047793670521,0.0013343934647633998,0.007394047793670521,792093663458.8582,1584187326917.7163,1.7189532627145359,1172,0.0013315804647504267,
moe_sum_reduce,0,MetaX C600-UL,Yes,-2.38e-07,moe_sum_reduce,bfloat16,(16384 8 7168),1158,0.001369225397887323,0.007156132693482111,0.0013331312683056767,0.007156132693482111,792843610474.5585,1585687220949.117,1.7205807518979133,1158,0.00133143871353492,
moe_unpermute,0,MetaX C600-UL,Yes,0.00e+00,moe_unpermute,,(16384,931490641973.7749,4096),0.0036573200028336547,0.0013392526361279166,0.0036573200028336547,0.001297365518819698,0.003182648917123835,51727029142.144554,931490641973.7749,1.010732033391683,
mul_and_silu,0,MetaX C600-UL,Yes,2.38e-07,mul_and_silu,torch.float16,(T8192_H4096),4549,0.00036900668104982164,0.006804845939011284,0.00033381016394686913,0.006804845939011284,100519503670.1779,603117022021.0674,0.6544238520193874,4549,0.00032977841281843696,
mx_awq_dequantize,0,MetaX C600-UL,Yes,-3.58e-07,mx_awq_dequantize,bfloat16,(8192 28672),1842,0.0008644395173553734,0.00142265004379059,0.0008264596722999521,0.00142265004379059,284201433986.9123,716054394224.8375,0.7769687437335476,1842,0.0008235154208867739,
paged_attention_v1,0,MetaX C600-UL,Yes,3.64e-06,paged_attention_v1,bfloat16,(7 32 128),34659,6.935210937500009e-05,0.009749558793794745,4.62349741803475e-05,0.009749558793794745,91337263075.51407,183914799364.4687,0.1995603291715155,34659,4.328003438972808e-05,
paged_attention_v2,0,MetaX C600-UL,Yes,1.19e-07,paged_attention_v2,float16,(Seqs:7 QHeads:32 HeadSize:128),7782,0.00022617470719537888,0.007337865687047838,0.00019735263850140448,0.007337865687047838,145283084.21777678,1162264673.7422142,0.0012611378838348678,7782,0.0001927775392929713,
per_token_cast_to_fp8,0,MetaX C600-UL,Yes,0.00e+00,per_token_cast_to_fp8,bf16->fp8,(4096 4096),29419,7.565831348281939e-05,0.032674445084791386,5.462816541408987e-05,0.032674445084791386,616632532772.4026,930947170099.9696,1.0101423286675018,29419,5.10297132310725e-05,
per_token_group_fp8_quant,0,MetaX C600-UL,Yes,7.75e-06,per_token_group_fp8_quant,bfloat16,(16384 1024),6977,0.00040065689908390254,0.001965398134242191,0.000218143010884418,0.001965398134242191,154419359407.52234,233131172957.6602,0.25296351232385,6977,0.00021500210192546267,
persistent_masked_m_silu_mul_quant,0,MetaX C600-UL,Yes,1.54e-04,persistent_masked_m_silu_mul_quant,bfloat16->fp8,(8 16 2048) -> (8 16 1024),89761,5.075396315730878e-05,0.0146347471922152,1.6713639998839136e-05,0.0146347471922152,7842217494.758996,39458071374.38676,0.042814747585055074,89761,2.1559888101743457e-05,
persistent_masked_m_silu_mul_quant_cu,0,MetaX C600-UL,Yes,0.00e+00,persistent_masked_m_silu_mul_quant_cu,torch.bfloat16 -> torch.float8_e4m3fn,(E8_T512_H4096),3257,0.0005004534925742577,0.0013170598219353724,0.0004641732225231495,0.0013170598219353724,36144299554.38301,181851076072.76987,0.1973210460859048,3257,0.0004606123967499392,
persistent_masked_m_swiglu_mul_quant,0,MetaX C600-UL,Yes,1.48e-04,persistent_masked_m_swiglu_mul_quant,bfloat16->fp8,(8 16 2048) -> (8 16 1024),29280,5.5714914139344566e-05,0.19706050375965783,5.12498619454693e-05,0.19706050375965783,2557509328.3073187,12868132224.467419,0.013962817083840515,29280,,
persistent_masked_m_swiglu_mul_quant_cu,0,MetaX C600-UL,Yes,0.00e+00,persistent_masked_m_swiglu_mul_quant_cu,torch.bfloat16 -> torch.float8_e4m3fn,(E8_T512_H4096),2792,0.0005771777960360339,0.00106642117574247,0.0005405684963862152,0.00106642117574247,31036244457.748295,156151167824.79318,0.16943486092099955,2792,0.0005372965761745899,
persistent_topk,0,MetaX C600-UL,Yes,0.00e+00,persistent_topk,float32,(1024 65536 1024),1354,0.0011800089155893528,0.004092235585025696,0.0011413282076215556,0.004092235585025696,59717651368.693596,238870605474.77438,0.25919119517662154,1354,0.0011366490599323763,
prepare_moe_input,0,MetaX C600-UL,Yes,1.79e-07,prepare_moe_input,int32,(65535 6),1114,0.001431411263786765,0.006845588275542411,0.0013813731778851345,0.006845588275542411,284651538.2628174,3421010394.3345537,0.003712033848019264,1114,0.0014357249398633863,
qk_rms_norm,0,MetaX C600-UL,Yes,0.00e+00,qk_rms_norm,bfloat16,(Tokens:16 QHeads:8 KVHeads:1 QKDim:128 VDim:128),256257,2.6307989038305757e-05,0.02713535839646777,5.853595522148412e-06,0.02713535839646777,3148833897.0908275,25190671176.72662,0.027333627578913434,256257,8.85086852033723e-06,
qk_rms_norm,0,MetaX C600-UL,Yes,-1.19e-07,qk_rms_norm,bfloat16,(Tokens:16 QHeads:32 KVHeads:4 QKDim:128 VDim:128),239201,2.647131001254107e-05,0.03503881003336029,6.271112830673203e-06,0.03503881003336029,11756765025.719576,94054120205.7566,0.10205525195937132,239201,9.211597285888321e-06,
qk_rms_norm,0,MetaX C600-UL,Yes,0.00e+00,qk_rms_norm,bfloat16,(Tokens:16 QHeads:16 KVHeads:2 QKDim:128 VDim:128),212881,2.7013411255168263e-05,0.026036605739604618,7.046628540758582e-06,0.026036605739604618,5231437954.586936,41851503636.69549,0.04541178780023382,212881,9.896722664095238e-06,
qk_rms_norm,0,MetaX C600-UL,Yes,0.00e+00,qk_rms_norm,bfloat16,(Tokens:1024 QHeads:8 KVHeads:1 QKDim:128 VDim:128),128150,3.254356791039865e-05,0.04052295825963515,1.2372273472816864e-05,0.04052295825963515,95346098079.04796,762768784632.3837,0.8276571013806246,128150,1.1705125296300178e-05,
qk_rms_norm,0,MetaX C600-UL,Yes,0.00e+00,qk_rms_norm,bfloat16,(Tokens:1024 QHeads:32 KVHeads:4 QKDim:128 VDim:128),63123,4.6947643192405325e-05,0.019539911019255472,2.647530625676654e-05,0.019539911019255472,178226153617.9218,1425809228943.3745,1.5471020279333492,63123,2.376323457885027e-05,
qk_rms_norm,0,MetaX C600-UL,Yes,0.00e+00,qk_rms_norm,bfloat16,(Tokens:1024 QHeads:16 KVHeads:2 QKDim:128 VDim:128),95203,3.874355773925795e-05,0.057096970124457684,1.8312987794968587e-05,0.057096970124457684,128831844722.14885,1030654757777.1908,1.11833198543532,95203,1.5755913467500633e-05,
qk_rms_norm,0,MetaX C600-UL,Yes,0.00e+00,qk_rms_norm,bfloat16,(Tokens:2048 QHeads:8 KVHeads:1 QKDim:128 VDim:128),95798,3.865101475102388e-05,0.0581777072822542,1.8271417169069642e-05,0.0581777072822542,129124959392.52492,1032999675140.1993,1.1208763836156677,95798,1.5658128887319117e-05,
qk_rms_norm,0,MetaX C600-UL,Yes,-2.38e-07,qk_rms_norm,bfloat16,(Tokens:2048 QHeads:32 KVHeads:4 QKDim:128 VDim:128),34810,6.57966267987805e-05,0.010641341904458547,4.574654403494719e-05,0.010641341904458547,206292829307.29468,1650342634458.3574,1.7907363655147108,34810,4.309223535540493e-05,
qk_rms_norm,0,MetaX C600-UL,Yes,5.96e-08,qk_rms_norm,bfloat16,(Tokens:2048 QHeads:16 KVHeads:2 QKDim:128 VDim:128),63136,4.6886931345500793e-05,0.019452192078811405,2.6528167183795203e-05,0.019452192078811405,177871014130.30765,1422968113042.4612,1.5440192198811429,63136,2.375834923024203e-05,
qk_rms_norm,0,MetaX C600-UL,Yes,-1.19e-07,qk_rms_norm,bfloat16,(Tokens:4096 QHeads:8 KVHeads:1 QKDim:128 VDim:128),63195,4.7126289836910585e-05,0.3026803943812233,2.6482331185884078e-05,0.3026803943812233,178178875827.78812,1425431006622.305,1.5466916304495497,63195,2.373624112961347e-05,
qk_rms_norm,0,MetaX C600-UL,Yes,-3.58e-07,qk_rms_norm,bfloat16,(Tokens:4096 QHeads:32 KVHeads:4 QKDim:128 VDim:128),19348,0.00010110608745697052,0.02576419853017203,8.072757308324041e-05,0.02576419853017203,233803238213.76523,1870425905710.1218,2.0295419983833787,19348,7.753030411053448e-05,
qk_rms_norm,0,MetaX C600-UL,Yes,-2.38e-07,qk_rms_norm,bfloat16,(Tokens:4096 QHeads:16 KVHeads:2 QKDim:128 VDim:128),34816,6.587449804878086e-05,0.010652753531698384,4.5746606475526265e-05,0.010652753531698384,206292547733.54062,1650340381868.325,1.7907339212980957,34816,4.308432160114e-05,
qk_rms_norm,0,MetaX C600-UL,Yes,-1.19e-07,qk_rms_norm,bfloat16,(Tokens:8192 QHeads:8 KVHeads:1 QKDim:128 VDim:128),34817,6.614504425939476e-05,0.010944333478052213,4.5764958178531186e-05,0.010944333478052213,206209824625.7566,1649678597006.0527,1.7900158387652483,34817,4.308363632860067e-05,
qk_rms_norm,0,MetaX C600-UL,Yes,-2.38e-07,qk_rms_norm,bfloat16,(Tokens:8192 QHeads:32 KVHeads:4 QKDim:128 VDim:128),10108,0.00017157047283925713,0.018796101550264552,0.00015154398715812583,0.018796101550264552,249094251166.90222,1992754009335.2178,2.162276485823804,10108,0.00014840394885031944,
qk_rms_norm,0,MetaX C600-UL,Yes,-2.38e-07,qk_rms_norm,bfloat16,(Tokens:8192 QHeads:16 KVHeads:2 QKDim:128 VDim:128),19303,0.00010044769416380071,0.025403348291190963,8.067457261355113e-05,0.025403348291190963,233956839045.3378,1871654712362.7024,2.030875338935224,19303,7.771032773271308e-05,
qk_rms_norm,0,MetaX C600-UL,Yes,-2.38e-07,qk_rms_norm,bfloat16,(Tokens:10240 QHeads:8 KVHeads:1 QKDim:128 VDim:128),28455,7.547835313055057e-05,0.008401445405232038,5.552120232232308e-05,0.008401445405232038,212468021342.8494,1699744170742.7952,1.8443404630455678,28455,5.271538895044422e-05,
qk_rms_norm,0,MetaX C600-UL,Yes,-2.38e-07,qk_rms_norm,bfloat16,(Tokens:10240 QHeads:32 KVHeads:4 QKDim:128 VDim:128),8156,0.00020765856586826403,0.017138886285866486,0.0001872749542204022,0.017138886285866486,251960654303.33688,2015685234426.695,2.187158457494244,8156,0.0001839153512146702,
qk_rms_norm,0,MetaX C600-UL,Yes,-2.38e-07,qk_rms_norm,bfloat16,(Tokens:10240 QHeads:16 KVHeads:2 QKDim:128 VDim:128),15695,0.0001179355606636942,0.023164172549312086,9.843846377384108e-05,0.023164172549312086,239672167723.01526,1917377341784.122,2.080487567040063,15695,9.557501785682624e-05,
quantize_k_cache,0,MetaX C600-UL,Yes,0.00e+00,quantize_k_cache,bfloat16->fp8/bfloat16_bytes,(8192 1 512) + (8192 1 64) -> (8192 1 528) + (8192 1 128),47361,7.716873629645357e-05,0.0179628112751681,3.167546505247689e-05,0.0179628112751681,148966778930.7177,467590167199.19727,0.5073678029505179,47361,3.266602974522747e-05,
reconstruct_indices_from_tree_mask,0,MetaX C600-UL,Yes,1.19e-07,reconstruct_indices_from_tree_mask,bool,bs:8192_draft:16,9343,0.00018569523409140643,0.003508589308586648,0.00016401989270378397,0.003508589308586648,799122581.0439525,38757445180.6317,0.04205451951023405,9343,0.00016056252490475107,
reshape_and_cache,0,MetaX C600-UL,Yes,-3.58e-07,reshape_and_cache,bfloat16,(4096 32 128),986,0.02514960809543147,0.002310875920725525,0.025060150061283013,0.002310875920725525,1338955749.1852505,5357130570.714816,0.005812858692181875,986,0.025058454055089732,
reshape_and_cache_flash,0,MetaX C600-UL,Yes,-2.38e-07,reshape_and_cache_flash,bfloat16,(16384 32 128),3502,0.0004679554979931197,0.015751255482691323,0.0004304993028128769,0.015751255482691323,311772230809.72046,1247393388308.032,1.3535084508550694,3502,0.0004284301241471521,
rms_norm,0,MetaX C600-UL,Yes,0.00e+00,rms_norm,bfloat16,(1 128 8 128),110950,3.896403032642716e-05,0.014749950324488583,1.4659893346644311e-05,0.014749950324488583,8940856314.619965,35780887868.46935,0.038824748121169005,110950,1.3519674696745088e-05,
rms_norm,0,MetaX C600-UL,Yes,0.00e+00,rms_norm,bfloat16,(1 128 8 224),110923,3.895598479809499e-05,0.013270766205713767,1.476097011038519e-05,0.013270766205713767,15539358069.604166,62187782587.146355,0.06747806270306679,110923,1.352295424261175e-05,
rms_norm,0,MetaX C600-UL,Yes,0.00e+00,rms_norm,bfloat16,(1 128 8 512),114206,3.8285172687630055e-05,0.014241438685518413,1.5002907701025344e-05,0.014241438685518413,34945759212.00719,139851290283.98972,0.15174836185328744,114206,1.3134190519420984e-05,
rms_norm,0,MetaX C600-UL,Yes,0.00e+00,rms_norm,bfloat16,(1 512 8 128),51755,5.5283118346007364e-05,0.010706109951104615,3.241159826682023e-05,0.010706109951104615,16175937875.199259,64711649907.962654,0.07021663401471642,51755,2.8983048725351028e-05,
rms_norm,0,MetaX C600-UL,Yes,1.19e-07,rms_norm,bfloat16,(1 512 8 224),51863,5.6930866195050384e-05,0.01076047447114015,3.246058891453623e-05,0.01076047447114015,28265168029.318504,113074473468.85083,0.12269365610769405,51863,2.8923685320881455e-05,
rms_norm,0,MetaX C600-UL,Yes,-1.19e-07,rms_norm,bfloat16,(1 512 8 512),51713,5.589693237811195e-05,0.011049332398154555,3.242384013460735e-05,0.011049332398154555,64679322106.625496,258748870126.74936,0.2807604927590596,51713,2.9006508465341168e-05,
rms_norm,0,MetaX C600-UL,Yes,0.00e+00,rms_norm,bfloat16,(8 128 8 128),28549,7.919641170101603e-05,0.005111147736378632,5.601099110556291e-05,0.005111147736378632,18720897082.927307,74888158863.22362,0.08125885293318535,28549,5.254520962896304e-05,
rms_norm,0,MetaX C600-UL,Yes,-1.19e-07,rms_norm,bfloat16,(8 128 8 224),28486,7.92260363180726e-05,0.005433197347170901,5.6129043274619034e-05,0.005433197347170901,32692664847.71479,130778640998.488,0.14190390733342884,28486,5.2659079991424886e-05,
rms_norm,0,MetaX C600-UL,Yes,-1.19e-07,rms_norm,bfloat16,(8 128 8 512),28480,7.988875727354459e-05,0.005170739181242922,5.624935757489759e-05,0.005170739181242922,74566256057.5055,298283228882.37976,0.3236580174504989,28480,5.2670461296893955e-05,
rms_norm,0,MetaX C600-UL,Yes,-1.19e-07,rms_norm,bfloat16,(8 512 8 128),7693,0.00022296920367919544,0.0018357984202052112,0.0001985435163263943,0.0018357984202052112,21125363736.90895,84502744337.51231,0.0916913458523354,7693,0.00019498675174107558,
rms_norm,0,MetaX C600-UL,Yes,-1.19e-07,rms_norm,bfloat16,(8 512 8 224),7698,0.0002232435983595719,0.0017914720033322651,0.00019844870060929654,0.0017914720033322651,36987049940.1806,147950457271.09473,0.16053652047644826,7698,0.00019485654078751113,
rms_norm,0,MetaX C600-UL,Yes,-3.58e-07,rms_norm,bfloat16,(8 512 8 512),7695,0.0002228560127017729,0.0020122085929194663,0.00019847028291226064,0.0020122085929194663,84532635081.78119,338135699789.71515,0.36690071591765966,7695,0.00019494680717364779,
rms_norm,0,MetaX C600-UL,Yes,-2.38e-07,rms_norm,bfloat16,(64 128 8 128),3898,0.0004258851587260476,0.001205951946121567,0.00038840563315174764,0.001205951946121567,21597544638.912647,86390837660.40642,0.09374005822526738,3898,0.00038489403076022633,
rms_norm,0,MetaX C600-UL,Yes,-2.38e-07,rms_norm,bfloat16,(64 128 8 224),3898,0.00043160697799637596,0.0012278019413259336,0.00038835266936081456,0.0012278019413259336,37800857720.79733,151204584473.818,0.16406747447245876,3898,0.0003848643528460967,
rms_norm,0,MetaX C600-UL,Yes,-3.58e-07,rms_norm,bfloat16,(64 128 8 512),3900,0.0004315730538302271,0.0009011851452237494,0.0003882407014784604,0.0009011851452237494,86426878666.3049,345710152204.2414,0.37511952279106053,3900,0.0003847094542170182,
rms_norm,0,MetaX C600-UL,Yes,-2.38e-07,rms_norm,bfloat16,(64 512 8 128),1016,0.0015748251401015239,0.0003846922269993979,0.0015281645611458037,0.0003846922269993979,21957342064.549118,87829535779.42195,0.09530114559399083,1016,0.0015245193121001476,
rms_norm,0,MetaX C600-UL,Yes,-2.38e-07,rms_norm,bfloat16,(64 512 8 224),1015,0.0015722401837563436,0.00025427445202138503,0.001528039031101366,0.00025427445202138503,38428505296.540855,153714314372.39157,0.1667907056992096,1015,0.0015233001558651478,
rms_norm,0,MetaX C600-UL,Yes,-1.19e-07,rms_norm,bfloat16,(64 512 8 512),1017,0.0015697239197969546,0.00024558918967071435,0.001527324827189387,0.00024558918967071435,87877657463.99219,351511300309.288,0.3814141713425434,1017,0.001523858804618363,
rms_norm_dynamic_per_group_quant,0,MetaX C600-UL,Yes,0.00e+00,rms_norm_dynamic_per_group_quant,float16,(2048 7168),12324,0.00014748687550066814,0.004724310016097447,0.00012517430268424548,0.004724310016097447,352747161782.73035,824603754816.7722,0.8947523381258379,12324,0.00012172145913731391,
rms_norm_dynamic_per_group_quant_fp8,0,MetaX C600-UL,Yes,1.22e-01,rms_norm_dynamic_per_group_quant_fp8,float16->float8_e4m3fn,(4096 4096) -> (4096 4096),6809,0.00025872931444377963,0.006808806420963666,0.0002246106413625232,0.006808806420963666,74694662275.24568,674622658484.9719,0.7320124332519227,6809,0.000220309228098923,
rms_norm_dynamic_per_group_quant_int8,0,MetaX C600-UL,Yes,0.00e+00,rms_norm_dynamic_per_group_quant_int8,float16->int8,(4096 4096) -> (4096 4096),8219,0.00020833781125745488,0.005593061380862784,0.0001863979326364757,0.005593061380862784,90007521879.11827,812924380956.0793,0.8820794064193569,8219,0.00018251763444476817,
rms_norm_dynamic_per_token_quant,0,MetaX C600-UL,Yes,0.00e+00,rms_norm_dynamic_per_token_quant,bfloat16,(4096 5137),2200,0.0007239128609967998,0.0010958864248414284,0.0006859927744041217,0.0010958864248414284,92023639833.2838,153386665175.00827,0.16643518356663223,2200,0.0006820507896488362,
rms_norm_static_fp8_quant,0,MetaX C600-UL,Yes,1.62e-05,rms_norm_static_fp8_quant,float16,(16384 4096),986,0.0016830339939086295,0.0006996143096518571,0.0016251340091530913,0.0006996143096518571,41294357032.73021,123888114374.59358,0.13442720743771006,986,0.0016207938509828893,
rotary_embedding,0,MetaX C600-UL,Yes,-1.19e-07,rotary_embedding,bfloat16,(Tokens:512 Heads:48 Dim:128),126723,3.2682541118629895e-05,0.03859392831629402,1.1915179242243061e-05,0.03859392831629402,264010128261.2186,1408054017393.1658,1.5278363904005705,126723,1.183689553754051e-05,
segment_packbits,0,MetaX C600-UL,Yes,0.00e+00,segment_packbits,bool->uint8,(65536 2048),3049,0.0005306774666886553,0.003312143405310921,0.0004947834944839071,0.003312143405310921,271265572712.76447,306233416613.95734,0.3322845232356308,3049,0.0004919959867770807,
selective_scan_fwd,0,MetaX C600-UL,Yes,5.43e-01,selective_scan_fwd,bfloat16,(B=8 D=256 L=512),9899,0.0001774935105371908,0.005247185882097185,0.00015500813318062537,0.005247185882097185,6764651495.919458,55808374841.335526,0.06055596228443525,9899,0.00015153889103795148,
sgl_rotary_embedding,0,MetaX C600-UL,Yes,0.00e+00,sgl_rotary_embedding,bfloat16,(4096 32 128),7662,0.0002240183330232556,0.001888565773923449,0.0001993393903534983,0.001888565773923449,110485900257.56287,431505282761.54364,0.46821319744091106,7662,0.00019578303343608403,
sgl_topk_softmax,0,MetaX C600-UL,Yes,5.96e-08,sgl_topk_softmax,bfloat16,(131072 64 2),15864,0.00011980477405475883,0.003868916405759788,9.778687676664693e-05,0.003868916405759788,85784598888.64331,193015347499.44745,0.20943505588047684,15864,9.455372542856742e-05,
silu_and_mul,0,MetaX C600-UL,Yes,0.00e+00,silu_and_mul,float16,(128 4096) -> (128 2048),134385,3.3909072181211986e-05,0.01868881979218506,1.1162498446142407e-05,0.01868881979218506,23484348173.915585,140906089043.4935,0.15289289175726292,134385,1.3084755407557117e-05,
silu_and_mul,0,MetaX C600-UL,Yes,-1.19e-07,silu_and_mul,bfloat16,(128 4096) -> (128 2048),132017,3.389166291207199e-05,0.01784905688840294,1.136330444816241e-05,0.01784905688840294,23069345822.411015,138416074934.4661,0.15019105353132173,132017,1.326871242080404e-05,
silu_and_mul,0,MetaX C600-UL,Yes,0.00e+00,silu_and_mul,float16,(128 8192) -> (128 4096),114651,3.616494500925948e-05,0.024159356575750843,1.389055293400148e-05,0.024159356575750843,37744213818.63359,226465282911.80154,0.24573055871506244,114651,1.3083218344864333e-05,
silu_and_mul,0,MetaX C600-UL,Yes,0.00e+00,silu_and_mul,bfloat16,(128 8192) -> (128 4096),111581,3.696641709934965e-05,0.01837319947242529,1.4530770245351261e-05,0.01837319947242529,36081225643.74949,216487353862.49695,0.23490381278482741,111581,1.344321982539625e-05,
silu_and_mul,0,MetaX C600-UL,Yes,0.00e+00,silu_and_mul,float16,(128 22016) -> (128 11008),72268,4.7643906488671227e-05,0.017832112454728145,2.386861970663565e-05,0.017832112454728145,59032487731.50804,354194926389.0482,0.38432609200200546,72268,2.0756308286405795e-05,
silu_and_mul,0,MetaX C600-UL,Yes,0.00e+00,silu_and_mul,bfloat16,(128 22016) -> (128 11008),63929,5.029676551686925e-05,0.011816122552138309,2.7034237440187777e-05,0.011816122552138309,52119983155.33819,312719898932.0292,0.33932280700089973,63929,2.347151094790583e-05,
silu_and_mul,0,MetaX C600-UL,Yes,5.96e-08,silu_and_mul,float16,(1024 4096) -> (1024 2048),57034,5.23538606778996e-05,0.024632761860603054,2.93955314863123e-05,0.024632761860603054,71342544052.19771,428055264313.1863,0.46446968783982884,57034,2.6300393165785043e-05,
silu_and_mul,0,MetaX C600-UL,Yes,-1.19e-07,silu_and_mul,bfloat16,(1024 4096) -> (1024 2048),49292,5.6273458430755415e-05,0.011758209173268249,3.372348707339231e-05,0.011758209173268249,62186688922.05528,373120133532.33167,0.404861256002964,49292,3.0434870114334605e-05,
silu_and_mul,0,MetaX C600-UL,Yes,-1.19e-07,silu_and_mul,float16,(1024 8192) -> (1024 4096),32300,7.188571832010603e-05,0.019054481530791412,4.961883590886593e-05,0.019054481530791412,84530479669.12418,507182878014.74506,0.5503286436791939,32300,4.6440333732671966e-05,
silu_and_mul,0,MetaX C600-UL,Yes,-2.38e-07,silu_and_mul,bfloat16,(1024 8192) -> (1024 4096),27118,8.07848142567146e-05,0.006640598048922279,5.85775692850649e-05,0.006640598048922279,71602561376.15788,429615368256.94727,0.4661625089593612,27118,5.531437204562354e-05,
silu_and_mul,0,MetaX C600-UL,Yes,0.00e+00,silu_and_mul,float16,(1024 22016) -> (1024 11008),12104,0.0001505051549439348,0.004011051058844873,0.00012742323943579299,0.004011051058844873,88462607369.82692,530775644218.9615,0.5759284333973106,12104,0.0001239308434004864,
silu_and_mul,0,MetaX C600-UL,Yes,0.00e+00,silu_and_mul,bfloat16,(1024 22016) -> (1024 11008),9749,0.0001796039091767182,0.002772357683713539,0.00015733062143436866,0.002772357683713539,71646523081.34598,429879138488.07587,0.46644871797751286,9749,0.00015386773868730365,
silu_and_mul,0,MetaX C600-UL,Yes,0.00e+00,silu_and_mul,float16,(4096 4096) -> (4096 2048),17389,0.00011081368809637436,0.013772543460669839,8.94799844816425e-05,0.013772543460669839,93748429311.81985,562490575870.9192,0.610341336665494,17389,8.626272374687711e-05,
silu_and_mul,0,MetaX C600-UL,Yes,-1.19e-07,silu_and_mul,bfloat16,(4096 4096) -> (4096 2048),14437,0.00012925467806064112,0.005011514178774141,0.00010732717620895152,0.005011514178774141,78159216484.63492,468955298907.8095,0.5088490656551753,14437,0.00010390044655167031,
silu_and_mul,0,MetaX C600-UL,Yes,-1.19e-07,silu_and_mul,float16,(4096 8192) -> (4096 4096),8998,0.00019205886129981868,0.008944694846557522,0.0001699823189030749,0.008944694846557522,98699771295.428,592198627772.568,0.6425766360379427,8998,0.00016671563689908496,
silu_and_mul,0,MetaX C600-UL,Yes,0.00e+00,silu_and_mul,bfloat16,(4096 8192) -> (4096 4096),7378,0.00027424792713498736,0.0022287541019775496,0.0002066315275106377,0.0022287541019775496,81193882666.99178,487163296001.9507,0.5286060069465611,7378,0.0002033112949918169,
silu_and_mul,0,MetaX C600-UL,Yes,0.00e+00,silu_and_mul,float16,(4096 22016) -> (4096 11008),3148,0.0005153951238400001,0.0020325803113838557,0.0004800343200111335,0.0020325803113838557,93928217463.60605,563569304781.6362,0.6115118324453518,3148,0.00047661880462452895,
silu_and_mul,0,MetaX C600-UL,Yes,0.00e+00,silu_and_mul,bfloat16,(4096 22016) -> (4096 11008),2509,0.0006380664605210431,0.0011110152481147008,0.000601367178469717,0.0011110152481147008,74977101535.09904,449862609210.5943,0.4881321714524678,2509,0.0005979794639902506,
silu_and_mul_quant,0,MetaX C600-UL,Yes,1.40e-04,silu_and_mul_quant,torch.bfloat16 -> torch.float8_e4m3fn,(B16_S512_H4096),2279,0.0007030470097908319,0.0006798617883221297,0.0006676469918192872,0.0006798617883221297,50257744603.27714,251288729007.57574,0.2726657215794008,2279,0.0006642215824169043,
silu_and_mul_with_clamp,0,MetaX C600-UL,Yes,0.00e+00,silu_and_mul_with_clamp,float16,4096 4096,8123,0.0002095246400100277,0.004468558934523007,0.00018801765605400007,0.004468558934523007,89232130386.63486,535392782319.80914,0.5809383488713207,8123,0.0001846736954612478,
silu_mul_quant_varlen,0,MetaX C600-UL,Yes,0.00e+00,silu_mul_quant_varlen,bfloat16->float8_e4m3fn/fp32,(16 2048 4096)->(16 2048 2048),9338,0.0001864406201744826,0.002049316051590413,0.00016358120668609995,0.002049316051590413,9615187660.390646,48376804159.32792,0.05249219201315963,9338,0.00016065031012392933,
situ_and_mul,0,MetaX C600-UL,Yes,0.00e+00,situ_and_mul,float16,(4096 4096),4199,0.00040343504304954174,0.0014613720637059416,0.0003607876763113228,0.0014613720637059416,46501632681.94056,279009796091.6434,0.3027450044397172,4199,0.00035725596422920853,
situ_and_mul,0,MetaX C600-UL,Yes,0.00e+00,situ_and_mul,bfloat16,(4096 4096),4199,0.0003990917787929792,0.001433914956039696,0.0003607193316209983,0.001433914956039696,46510443242.968575,279062659457.8114,0.3028023648630766,4199,0.00035724370665253844,
stable_topk_gathered,0,MetaX C600-UL,Yes,0.00e+00,stable_topk_gathered,float32,(1 2048 2) -> Top2048,151953,3.180496698299494e-05,0.017559319066523308,9.871885065116791e-06,0.017559319066523308,207457844.8281165,2489494137.937398,0.0027012740211994337,151953,1.2186963047327232e-05,
stable_topk_gathered,0,MetaX C600-UL,Yes,0.00e+00,stable_topk_gathered,float32,(1 4096 2) -> Top2048,117338,3.7016652737285866e-05,0.017949539155940167,1.5185422828723077e-05,0.017949539155940167,269732364.13624626,2697323641.362463,0.002926783465020034,117338,1.2783597596035739e-05,
stable_topk_gathered,0,MetaX C600-UL,Yes,0.00e+00,stable_topk_gathered,float32,(128 2048 2) -> Top2048,79257,4.393340980654728e-05,0.014040762652076258,2.2321668677000142e-05,0.014040762652076258,11743924873.775616,140927098485.30737,0.15291568846061998,79257,1.893469462994002e-05,
stable_topk_gathered,0,MetaX C600-UL,Yes,0.00e+00,stable_topk_gathered,float32,(128 4096 2) -> Top2048,44308,5.887879010416659e-05,0.013799538264109795,3.7215371916150534e-05,0.013799538264109795,14087941971.4323,140879419714.323,0.15286395368307618,44308,3.385401896239834e-05,
stable_topk_gathered,0,MetaX C600-UL,Yes,0.00e+00,stable_topk_gathered,float32,(2048 2048 2) -> Top2048,6855,0.00027392189210019314,0.0025154299538508013,0.00022232372415662672,0.0025154299538508013,18865750904.051605,226389010848.61926,0.24564779822983862,6855,0.0002188462759481565,
stable_topk_gathered,0,MetaX C600-UL,Yes,0.00e+00,stable_topk_gathered,float32,(2048 4096 2) -> Top2048,3394,0.00048070256769596186,0.002382684472629662,0.0004454174227835605,0.002382684472629662,18833138469.476162,188331384694.7616,0.2043526309621979,3394,0.00044204646491203577,
static_scaled_fp8_quant,0,MetaX C600-UL,Yes,-1.19e-07,static_scaled_fp8_quant,fp16->fp8,(4096 4096),5264,0.0005257604692367606,0.03736964525781171,0.00029285781941379565,0.03736964525781171,57287922287.96359,171863766863.89078,0.1864841220311315,5264,0.00028530922341854015,
static_scaled_int8_quant,0,MetaX C600-UL,Yes,1.07e-06,static_scaled_int8_quant,float16,(32 1024 4096),1918,0.0008295011755684819,0.0015678539144560787,0.000793362558581475,0.0015678539144560787,169175777894.0061,507527333682.01825,0.5507024019987177,1918,0.0007893068315587526,
swigluoai_and_mul,0,MetaX C600-UL,Yes,7.07e-01,swigluoai_and_mul,torch.bfloat16,(B64_S512_H4096),986,0.001829891755329948,0.000931717213541776,0.0017555500114024554,0.000931717213541776,76453377647.03015,458720265882.18085,0.4977433440561858,986,0.0017522314870333337,
top_k_per_row_decode,0,MetaX C600-UL,Yes,0.00e+00,top_k_per_row_decode,float32/int32,Rows=512 Vocab=32000 NextN=1,3394,0.00048235662507427026,0.004971611597849519,0.0004457398835244243,0.004971611597849519,36756863376.131424,156441805136.73737,0.16975022258760564,3394,0.00044198687112921467,
topk_sigmoid,0,MetaX C600-UL,Yes,0.00e+00,topk_sigmoid,bfloat16,(4096 288 8),10918,0.00016323093330210852,0.0027635871546578604,0.00014051747384619494,0.0027635871546578604,9094612684.24735,19596594819.33226,0.021263666253615733,10918,0.00013739042713716804,
transfer_kv_all_layer,0,MetaX C600-UL,Yes,4.77e-07,transfer_kv_all_layer,bfloat16,(32L 8192T),160,0.009910413790849676,0.002975742097608214,0.009824438350652555,0.002975742097608214,218585894821.902,874343579287.608,0.9487235018311719,160,0.009800023651123046,
transfer_kv_all_layer_direct_lf_pf,0,MetaX C600-UL,Yes,3.58e-07,transfer_kv_all_layer_direct_lf_pf,float16,L32_P16_H8_D128_CP1024,1552,0.1446972492738401,0.009613244303735691,0.14469248705795112,0.009613244303735691,6.911208870157078,14841708036.57488,0.01610428389385295,1552,,
transfer_kv_all_layer_lf_pf,0,MetaX C600-UL,Yes,2.38e-07,transfer_kv_all_layer_lf_pf,bfloat16,(32L 8192T),94,0.016815815622222226,0.003744529196736895,0.016718267695109045,0.003744529196736895,128451325649.50192,513805302598.0077,0.5575144342426299,94,0.01669402167137633,
transfer_kv_all_layer_lf_ph,0,MetaX C600-UL,Yes,5.96e-08,transfer_kv_all_layer_lf_ph,bfloat16,(32L 8192T),153,0.010328810598639462,0.0031644144589265586,0.01023481209424077,0.0031644144589265586,209821502165.9665,839286008663.866,0.9106836031508962,153,0.010247545828227124,
transfer_kv_all_layer_mla,0,MetaX C600-UL,Yes,1.79e-07,transfer_kv_all_layer_mla,bfloat16,(32L 8192T),326,0.004898853102564103,0.0038994006241832584,0.004808944407181863,0.0038994006241832584,223280149048.1846,893120596192.7384,0.9690978691327456,326,0.004804284593078988,
transfer_kv_all_layer_mla_lf_pf,0,MetaX C600-UL,Yes,0.00e+00,transfer_kv_all_layer_mla_lf_pf,bfloat16,(32L 8192T),236,0.008397413872340422,0.0049997097974108385,0.008317885540901347,0.0049997097974108385,129088314418.38362,516353257673.5345,0.5602791424409012,236,0.008307676024356132,
transfer_kv_per_layer,0,MetaX C600-UL,Yes,0.00e+00,transfer_kv_per_layer,torch.float16,(16384 4096),2458,0.0006540680748355262,0.008645132542411714,0.0006173262104980251,0.008645132542411714,217417834716.13892,869671338864.5557,0.9436537965110195,2458,0.0006103209688519928,
transfer_kv_per_layer_direct_pf_lf,0,MetaX C600-UL,Yes,0.00e+00,transfer_kv_per_layer_direct_pf_lf,float16,L32_P16_H8_D128_CP1024,21,0.1454997474285714,0.004948183288231401,0.14549534461611793,0.004948183288231401,6.87307214288161,14759810038.362577,0.016015418878431616,21,,
transfer_kv_per_layer_mla,0,MetaX C600-UL,Yes,-2.38e-07,transfer_kv_per_layer_mla,bfloat16,(1L 8192T),9598,0.00018331275693259436,0.00760977778997684,0.0001602550448592297,0.00760977778997684,209381439626.2825,837525758505.13,0.9087736094890734,9598,0.00015629643145937004,
transfer_kv_per_layer_mla_pf_lf,0,MetaX C600-UL,Yes,-3.58e-07,transfer_kv_per_layer_mla_pf_lf,bfloat16,(1L PF->LF 8192T),5814,0.00047627482343750113,0.011263590398024098,0.00026095746635562813,0.011263590398024098,128581996401.94476,514327985607.77905,0.558081581605663,5814,0.0002580000075495936,
transfer_kv_per_layer_pf_lf,0,MetaX C600-UL,Yes,0.00e+00,transfer_kv_per_layer_pf_lf,bfloat16,(Tokens:32768 Pages:131072 Dim:1024),3066,0.0005300858324572945,0.003419120212988248,0.0004928027748004207,0.003419120212988248,136177934523.96507,544711738095.8603,0.5910500630380429,3066,0.0004893875868683614,
transfer_kv_per_layer_ph_lf,0,MetaX C600-UL,Yes,0.00e+00,transfer_kv_per_layer_ph_lf,bfloat16,(Tokens:32768 H:8 PgSz:16),2572,0.0006247192773865413,0.002814952485192794,0.000587050064838547,0.002814952485192794,114315401734.01833,457261606936.0733,0.496160597803899,2572,0.0005832349757198969,
tree_speculative_sampling_target_only,0,MetaX C600-UL,Yes,0.00e+00,tree_speculative_sampling_target_only,float32,bs:4096_draft:32_v:32000,986,0.002042125969543149,0.003992683126162064,0.0019483751946899517,0.003992683126162064,67272463.92646551,3573849646.0934806,0.0038778750500146272,986,0.0019419004371877126,
triton_situ_and_mul,0,MetaX C600-UL,Yes,7.81e-03,triton_situ_and_mul,bfloat16,tokens=2048,333565204864.819,4.0,29.787576608823173,0.00041976683811104304,29.787576608823173,0.0002263349740887878,0.002590078712002963,55594200810.80316,333565204864.819,0.36194141152866643,
triton_situ_and_mul,0,MetaX C600-UL,Yes,7.81e-03,triton_situ_and_mul,bfloat16,tokens=4096,339377039290.7507,4.0,22.319146919628867,0.0007920912986358233,22.319146919628867,0.0004449179718096362,0.0011777991364463772,56562839881.79178,339377039290.7507,0.3682476554804152,
triton_situ_and_mul,0,MetaX C600-UL,Yes,7.81e-03,triton_situ_and_mul,bfloat16,tokens=8192,342312706431.1112,4.0,0.014018604930034276,0.0009231578736037646,0.014018604930034276,0.0008822047278013445,0.000635197963107791,57052117738.51853,342312706431.1112,0.37143305819348005,
triton_situ_and_mul,0,MetaX C600-UL,Yes,7.81e-03,triton_situ_and_mul,bfloat16,tokens=16384,343882181159.1551,4.0,0.09966884534301856,0.0018585376654970758,0.09966884534301856,0.0017563567090452615,0.0003538165282511327,57313696859.85918,343882181159.1551,0.3731360472647082,
vllm_rotary_embedding,0,MetaX C600-UL,Yes,0.00e+00,vllm_rotary_embedding,bfloat16,(4096 32 128),8499,0.0002027538150726024,0.0023526584174338207,0.000180019058484746,0.0023526584174338207,122343668417.00948,477816075275.65533,0.5184636233459802,8499,0.00017650806194109727,
vllm_topk_softmax,0,MetaX C600-UL,Yes,5.96e-08,vllm_topk_softmax,bfloat16,(131072 64 2),14691,0.00012688666378947384,0.004100770167851603,0.000105267863885354,0.004100770167851603,79688213386.14731,189259506792.09985,0.20535970789073335,14691,0.00010210359341380432,
transfer_kv_direct,0,MetaX C600-UL,Yes,-1.19e-07,transfer_kv_direct,float16,L63_P16_H8_D128_CP256,2272,0.06231046126716546,0.011962948690785801,0.06230589702935283,0.011962948690785801,16.04984516198991,16964118300.103361,0.01840724641938299,2272,,
indexer_norm_rope,0,MetaX C600-U,Yes,6.25e-02,indexer_norm_rope,bfloat16,(T=16 QH=4 KH=1 D=256 R=16 qwb=1),74561,5.194392058744609e-05,0.5046600287270171,2.012128280124133e-05,0.5046600287270171,1017827749.9651533,4071310999.8606133,0.004417655164779311,74561,2.4645061996494305e-05,
indexer_norm_rope,0,MetaX C600-U,Yes,6.25e-02,indexer_norm_rope,bfloat16,(T=16 QH=16 KH=1 D=256 R=16 qwb=1),78913,4.8106189109387895e-05,0.0719016554269311,1.9011117538923884e-05,0.0719016554269311,3662698936.9474745,14650795747.789898,0.015897130802723414,78913,2.0461939284423653e-05,
indexer_norm_rope,0,MetaX C600-U,Yes,6.25e-02,indexer_norm_rope,bfloat16,(T=512 QH=4 KH=1 D=256 R=16 qwb=1),72353,5.322273301282043e-05,0.060922288492797336,2.4043891730158857e-05,0.060922288492797336,27256818794.35372,109027275177.41489,0.11830216490604914,72353,2.073198841125057e-05,
indexer_norm_rope,0,MetaX C600-U,Yes,6.25e-02,indexer_norm_rope,bfloat16,(T=512 QH=16 KH=1 D=256 R=16 qwb=1),53441,6.843225664837525e-05,0.036563694974745584,3.958115022360067e-05,0.036563694974745584,56295079536.91044,225180318147.64175,0.24433628271228489,53441,2.8068475978728623e-05,
indexer_norm_rope,0,MetaX C600-U,Yes,6.25e-02,indexer_norm_rope,bfloat16,(T=4096 QH=4 KH=1 D=256 R=16 qwb=1),26322,9.815719755116911e-05,0.020677561530823604,6.85512657625806e-05,0.020677561530823604,76481155259.16194,305924621036.64777,0.3319494585901126,26322,5.698886495113291e-05,
indexer_norm_rope,0,MetaX C600-U,Yes,6.25e-02,indexer_norm_rope,bfloat16,(T=4096 QH=16 KH=1 D=256 R=16 qwb=1),8665,0.00022977057981927697,0.0063251690971431775,0.00018860495163606713,0.0063251690971431775,94513913051.42783,378055652205.7113,0.4102166365079333,8665,0.00017312126613151663,
